project_id,project_name,days_remaining,project_manager,team_size,avg_velocity,completed_tasks,total_tasks,completion_rate,avg_utilization_pct,delayed_flag
1,Leverage Collaborative Paradigms,41,Yesenia Simpson,14,53.6,137,170,80.58823529411765,89,0
2,Grow Intuitive E-Commerce,41,Jamie Scott,8,59.4,52,70,74.28571428571429,74,0
3,Streamline Proactive Portals,12,Joseph Parker,14,35.4,150,161,93.16770186335404,98,1
4,Leverage Viral Metrics,46,Tina Richards,11,30.0,107,109,98.1651376146789,60,0
5,Incubate Frictionless Markets,27,Jesse Smith,5,59.2,70,133,52.63157894736842,77,1
6,Monetize Synergistic Convergence,34,Garrett Cooper,12,47.8,133,195,68.2051282051282,95,1
7,Leverage Seamless Initiatives,51,Christopher Lucero,6,52.2,41,108,37.96296296296296,70,1
8,Orchestrate Turn-Key E-Services,22,Terry Burch,11,59.2,25,77,32.467532467532465,97,1
9,Target Frictionless Functionalities,56,Teresa Carlson,7,32.6,90,112,80.35714285714286,89,0
10,Scale One-To-One E-Commerce,52,Vanessa Davis,6,35.4,81,135,60.0,96,1
11,Iterate Vertical Portals,35,Michael Smith,13,23.8,126,217,58.06451612903226,85,1
12,Generate Value-Added Methodologies,10,Jordan Taylor,5,48.4,110,155,70.96774193548387,63,0
13,Brand Open-Source Networks,56,Timothy Mcintosh,8,40.0,108,185,58.37837837837838,85,1
14,Orchestrate Dot-Com Networks,15,Amanda Porter,5,45.2,124,181,68.50828729281768,88,1
15,Orchestrate Enterprise Initiatives,32,Hector Johnson,4,33.6,48,97,49.48453608247423,60,1
16,Streamline Compelling Eyeballs,25,Troy Butler,3,43.0,93,184,50.54347826086957,64,1
17,Expedite Real-Time E-Tailers,4,James Buckley,3,25.4,170,176,96.5909090909091,70,1
18,Leverage Proactive Partnerships,46,Dr. Lori Taylor,11,53.4,119,192,61.979166666666664,95,1
19,Morph Distributed Platforms,3,Cody Morgan,11,43.8,74,97,76.28865979381443,63,1
20,Revolutionize Mission-Critical Networks,31,Alexander King,8,54.8,169,199,84.92462311557789,60,0
21,Harness Next-Generation Roi,58,Chelsea Li,4,15.4,117,187,62.56684491978609,75,1
22,Expedite Clicks-And-Mortar E-Markets,54,Devin Lam,10,19.2,184,235,78.29787234042553,63,0
23,Visualize Customized Roi,39,Lindsey Conley,5,56.4,107,117,91.45299145299145,99,1
24,Mesh Frictionless E-Tailers,23,Ronald Roberts,10,57.2,26,26,100.0,75,0
25,Evolve 24/7 Mindshare,41,Ivan Jimenez,12,22.6,52,98,53.06122448979592,83,1
26,Streamline 24/365 Convergence,17,Jared Curtis,5,20.6,41,137,29.927007299270077,88,1
27,Empower Dynamic Models,20,Hannah Kelley,5,58.4,196,271,72.32472324723247,77,0
28,Engineer Transparent Networks,30,James Singh,9,50.2,21,27,77.77777777777779,91,1
29,Aggregate Cutting-Edge Applications,26,Benjamin Flores,14,26.6,153,248,61.693548387096776,82,1
30,Streamline World-Class Niches,23,Michelle Rhodes,12,31.2,120,209,57.41626794258373,98,1
31,Re-Intermediate B2B E-Tailers,17,Ivan Long,7,14.8,105,109,96.3302752293578,64,0
32,Evolve Enterprise Supply-Chains,28,Todd Mitchell,7,40.4,37,119,31.092436974789916,76,1
33,Deliver Interactive Applications,57,Jennifer Erickson,10,25.0,70,122,57.377049180327866,60,1
34,Revolutionize E-Business Content,44,Sarah Thomas,12,28.6,111,182,60.98901098901099,93,1
35,Cultivate Distributed Communities,49,Daniel Jacobson,4,51.8,126,180,70.0,97,1
36,Incubate Vertical Methodologies,51,Tyrone Anderson,10,56.0,94,109,86.23853211009175,91,1
37,Expedite Efficient E-Markets,47,Justin Sullivan,8,40.8,112,121,92.56198347107438,88,0
38,Extend Bricks-And-Clicks Vortals,26,Thomas Robertson,9,53.2,165,209,78.94736842105263,66,0
39,Redefine One-To-One E-Business,46,Preston Jackson,4,41.4,97,132,73.48484848484848,93,1
40,Harness Dot-Com Niches,35,Barbara Smith,10,40.6,164,220,74.54545454545455,80,0
41,Implement B2C E-Commerce,55,Brandon Rodriguez,10,43.4,42,51,82.35294117647058,81,0
42,Enhance Turn-Key Technologies,48,Sandra Myers,9,25.4,157,193,81.34715025906736,84,0
43,Maximize Plug-And-Play Web-Readiness,41,Edward Fisher,5,42.6,31,113,27.43362831858407,83,1
44,Productize Efficient Synergies,42,Eddie Foster,4,48.0,187,226,82.7433628318584,77,0
45,Aggregate 24/365 Models,23,Corey Martin,13,56.0,124,205,60.48780487804878,63,1
46,Implement Customized Niches,35,Sabrina King,11,54.2,43,116,37.06896551724138,65,1
47,Seize Next-Generation Schemas,27,Amber Cameron,3,38.8,54,140,38.57142857142858,62,1
48,Cultivate Transparent Models,53,Michael Weber,3,39.2,96,165,58.18181818181818,65,1
49,Expedite Killer Methodologies,21,Jack Lopez,4,39.6,159,243,65.4320987654321,97,1
50,Monetize Sticky E-Services,48,Christopher Stafford,11,40.2,81,158,51.26582278481012,85,1
51,Brand Leading-Edge Communities,43,James Williams,7,47.2,196,253,77.4703557312253,61,0
52,Exploit Turn-Key Eyeballs,52,Jimmy Ryan,5,41.2,134,185,72.43243243243244,72,0
53,Maximize Strategic Deliverables,44,Corey Thompson,13,53.2,78,175,44.57142857142857,62,1
54,Synthesize Proactive E-Commerce,35,Donna Stevens,12,41.0,50,110,45.45454545454545,81,1
55,Extend Killer Convergence,5,Michael Rios,10,29.0,185,200,92.5,85,0
56,Orchestrate Virtual Portals,21,James Collins,12,36.4,162,164,98.78048780487805,67,0
57,Morph Frictionless Web-Readiness,39,David Gonzales,4,22.2,175,186,94.08602150537635,65,0
58,Engineer Distributed Channels,29,Jason Matthews,14,41.2,179,215,83.25581395348837,94,1
59,Transform 24/365 Markets,29,Megan Mitchell,6,34.8,38,59,64.40677966101694,73,1
60,Envisioneer Distributed Solutions,20,Adam Gonzales,7,47.6,102,169,60.35502958579882,95,1
61,Whiteboard One-To-One Communities,54,Rodney Mullins,9,22.4,143,229,62.44541484716157,90,1
62,Deliver Cross-Platform Info-Mediaries,23,Ariel Morse,4,51.6,158,242,65.28925619834712,67,1
63,Reinvent Efficient Infrastructures,41,Charlene Thomas,11,32.4,183,221,82.80542986425338,66,0
64,Synthesize World-Class Schemas,56,Stacy Strong,6,50.4,62,154,40.25974025974026,83,1
65,Revolutionize Proactive Interfaces,30,Roger Sawyer,10,32.4,171,191,89.52879581151832,86,0
66,Maximize Interactive Architectures,23,Maurice Carter,10,34.8,70,133,52.63157894736842,94,1
67,Revolutionize Collaborative Platforms,6,Michael Calhoun,4,32.4,79,143,55.24475524475524,60,1
68,Visualize Leading-Edge Methodologies,18,Michael Riley,10,18.8,103,118,87.28813559322035,64,0
69,Strategize Cutting-Edge Info-Mediaries,9,Devin Wood,12,32.0,167,236,70.76271186440678,83,0
70,Monetize Customized Portals,28,James Livingston,11,25.2,70,78,89.74358974358975,62,0
71,Optimize Collaborative Roi,53,Joseph Rivera,7,38.0,142,169,84.02366863905326,66,0
72,Deliver Synergistic Content,10,Jordan Andrews MD,12,38.4,125,208,60.09615384615385,99,1
73,Enhance Best-Of-Breed Synergies,57,Whitney Hanson DDS,10,33.2,75,84,89.28571428571429,74,0
74,Re-Contextualize Frictionless Relationships,36,Daniel Castro,10,56.0,158,207,76.32850241545893,85,0
75,Benchmark Compelling Experiences,27,Daniel Carroll,12,36.8,114,204,55.88235294117647,83,1
76,Revolutionize Open-Source Markets,30,Sandra Higgins,13,26.8,184,280,65.71428571428571,89,1
77,Benchmark Turn-Key Action-Items,25,Kimberly Rangel,10,39.4,84,103,81.55339805825243,74,0
78,Streamline Integrated Architectures,10,Patricia Ewing,10,47.0,174,247,70.44534412955466,61,0
79,Iterate Bleeding-Edge Deliverables,43,Abigail Ortiz,6,29.4,127,202,62.87128712871287,60,1
80,Redefine Mission-Critical Supply-Chains,9,Traci Carter,9,23.8,194,238,81.5126050420168,78,0
81,Deploy Scalable Mindshare,19,Andrew Dodson,12,32.4,62,74,83.78378378378379,61,0
82,Transition Revolutionary Communities,30,Michael Bartlett,8,34.4,164,249,65.86345381526104,63,1
83,Optimize Vertical Methodologies,48,Sonya Johns,5,52.8,21,106,19.81132075471698,70,1
84,Revolutionize 24/7 Experiences,22,James Morgan,14,38.4,95,146,65.06849315068493,66,1
85,Facilitate Integrated Eyeballs,14,Diamond Burns,12,45.0,103,194,53.09278350515464,76,1
86,Facilitate Integrated Systems,28,Bryce Jackson,11,38.8,195,234,83.33333333333334,96,1
87,Facilitate Transparent Initiatives,21,Vincent Weeks,12,31.4,165,192,85.9375,87,0
88,Generate Compelling E-Commerce,34,Lance Key,4,22.4,145,229,63.31877729257642,90,1
89,Implement One-To-One Functionalities,25,Erin Bird,13,22.6,55,63,87.3015873015873,94,1
90,Innovate Robust E-Services,14,Taylor Becker,11,33.8,124,219,56.62100456621004,83,1
91,Leverage Collaborative Platforms,5,Vanessa Santiago,5,29.4,144,158,91.13924050632912,96,1
92,Benchmark Customized Partnerships,58,Scott Rowe,11,36.0,42,100,42.0,70,1
93,Transform Killer Portals,42,Michael Wilkins,5,29.8,97,102,95.09803921568627,85,0
94,Aggregate Intuitive Platforms,52,Patrick Rodriguez,7,45.6,150,184,81.52173913043478,76,0
95,Transition B2B Applications,6,Victor Moore,11,53.8,97,130,74.61538461538461,64,0
96,Evolve Virtual Web-Readiness,4,John Wright,10,56.4,147,211,69.66824644549763,64,1
97,Reinvent Distributed Technologies,40,Diane Weiss,12,18.4,113,119,94.9579831932773,97,1
98,Brand Seamless Models,23,Lisa Lewis,12,49.4,54,97,55.670103092783506,84,1
99,Strategize B2C Communities,52,Michael Brown,13,19.2,37,75,49.333333333333336,68,1
100,Extend Transparent E-Tailers,18,Vanessa Nguyen,9,44.4,36,87,41.37931034482759,61,1
101,Incentivize Wireless Vortals,50,Joshua King,6,34.0,51,123,41.46341463414634,85,1
102,Revolutionize Interactive Paradigms,20,Sean Donaldson,4,50.2,30,32,93.75,87,0
103,Incentivize Strategic Convergence,13,Adam Wyatt,3,30.0,115,160,71.875,66,0
104,Transform Bleeding-Edge Roi,49,Scott Poole,4,31.2,132,180,73.33333333333333,80,0
105,Facilitate Web-Enabled Initiatives,12,Tina Maxwell,4,58.2,120,173,69.36416184971098,86,1
106,Revolutionize World-Class Info-Mediaries,44,Michael Taylor,11,46.2,159,224,70.98214285714286,95,1
107,Innovate Bleeding-Edge Roi,37,Jason Patton,9,23.8,104,134,77.61194029850746,99,1
108,Reinvent 24/365 Action-Items,31,Michelle Oliver,14,23.6,187,236,79.23728813559322,61,0
109,Seize World-Class Action-Items,8,Richard Robinson,14,12.4,80,152,52.63157894736842,68,1
110,Redefine Customized Synergies,8,Darren Torres,4,26.6,49,133,36.84210526315789,82,1
111,Enable Value-Added Applications,22,Randy Brewer,13,41.8,64,97,65.97938144329896,79,1
112,Engage Seamless Schemas,58,Ashley Garcia,3,43.4,188,196,95.91836734693877,63,0
113,Aggregate Customized Roi,37,Brent Williams,13,31.6,164,221,74.2081447963801,60,0
114,Transform Next-Generation Portals,12,Donald Fisher,4,47.6,145,148,97.97297297297297,61,0
115,Incentivize Rich Platforms,27,Brenda Jackson,6,52.8,117,210,55.714285714285715,74,1
116,Embrace One-To-One E-Business,18,Holly Davis,5,51.0,39,100,39.0,94,1
117,Drive Collaborative Portals,37,Eric Morrison,8,65.4,62,86,72.09302325581395,68,0
118,Synthesize Turn-Key Convergence,14,Kaitlin Hernandez,13,44.8,124,181,68.50828729281768,81,1
119,Enhance Real-Time Supply-Chains,53,Tracy Clark MD,3,48.0,105,201,52.23880597014925,76,1
120,Expedite Collaborative Synergies,54,Darren Mclaughlin,8,19.4,42,80,52.5,80,1
121,Utilize Integrated E-Tailers,9,Jennifer Walker,12,40.8,167,185,90.27027027027027,82,0
122,Embrace Rich Vortals,58,Stacey Page,7,47.6,179,266,67.29323308270678,88,1
123,Syndicate Virtual Content,39,Denise Glover,6,35.2,58,112,51.78571428571429,89,1
124,Expedite User-Centric Action-Items,24,Chad Fuller,9,51.8,106,119,89.07563025210085,77,0
125,Optimize Back-End Communities,47,Jason Christian,12,35.0,113,164,68.90243902439023,69,1
126,Aggregate Bricks-And-Clicks Content,35,April Willis,4,34.8,170,170,100.0,61,0
127,Optimize Leading-Edge Eyeballs,24,Paul Thomas,7,56.2,76,111,68.46846846846847,87,1
128,Transition Scalable Action-Items,37,Jordan Jensen,7,38.6,81,142,57.04225352112676,92,1
129,Engage Seamless Applications,28,William Williams,9,44.2,45,136,33.088235294117645,76,1
130,Unleash Magnetic Metrics,21,Lori Pierce,12,41.2,74,99,74.74747474747475,69,0
131,Engage 24/365 Metrics,1,Austin Taylor,14,20.8,199,199,100.0,87,1
132,Syndicate Integrated E-Markets,54,Lisa Gray,5,54.6,64,161,39.75155279503105,87,1
133,Innovate Scalable Functionalities,20,Miguel Reid,7,38.8,170,248,68.54838709677419,97,1
134,Harness Best-Of-Breed Systems,15,Logan Cole,9,35.6,23,49,46.93877551020408,96,1
135,Orchestrate Granular Schemas,33,Thomas Mendez,3,27.6,39,115,33.91304347826087,91,1
136,Brand Real-Time Paradigms,50,Kimberly Cox,7,55.4,22,80,27.500000000000004,75,1
137,Leverage E-Business Schemas,21,John Dickson,12,49.2,197,198,99.4949494949495,98,1
138,Deploy Back-End Bandwidth,2,Anita Riley,3,45.0,43,107,40.18691588785047,84,1
139,Architect Revolutionary Roi,3,Raymond Hunt,6,29.8,118,134,88.05970149253731,92,1
140,Cultivate Virtual Markets,4,Amanda Blake,4,49.8,101,145,69.6551724137931,80,1
141,Redefine Plug-And-Play Info-Mediaries,2,Joseph Hunt,10,29.2,123,195,63.07692307692307,61,1
142,Re-Contextualize B2B Niches,23,John Wilson,9,23.4,157,185,84.86486486486487,90,0
143,Redefine Proactive Architectures,7,Kimberly James,13,25.4,153,220,69.54545454545455,94,1
144,Cultivate Customized E-Tailers,31,Carly Griffin,14,40.8,91,97,93.81443298969072,74,0
145,Engineer Front-End Web-Readiness,11,Kayla Padilla,7,50.8,178,228,78.0701754385965,88,0
146,Re-Intermediate B2B E-Services,54,Mikayla Frey,3,53.8,64,154,41.55844155844156,76,1
147,Deliver Magnetic Supply-Chains,24,James Ball,14,26.2,56,85,65.88235294117646,83,1
148,Maximize Integrated E-Commerce,43,Jonathan Ryan,10,42.8,72,96,75.0,72,0
149,Extend Wireless Networks,57,Jeremy Gillespie,8,47.4,50,117,42.73504273504273,92,1
150,Optimize Frictionless Niches,14,Melvin Fry,12,37.8,31,100,31.0,80,1
151,Re-Contextualize Ubiquitous Applications,19,Kevin Medina,12,44.8,98,141,69.50354609929079,91,1
152,Engineer Extensible Metrics,9,Mr. Cody Coleman,6,21.6,148,244,60.65573770491803,75,1
153,Benchmark Granular Bandwidth,38,Michael Reyes,9,34.8,42,102,41.17647058823529,93,1
154,Unleash Granular Paradigms,10,Diana Hernandez,8,52.8,88,159,55.34591194968554,91,1
155,Seize Robust Niches,33,Claudia Sharp,13,26.0,134,225,59.55555555555555,64,1
156,Extend World-Class E-Services,1,Alicia Mercer,13,50.4,27,111,24.324324324324326,89,1
157,Embrace Mission-Critical Applications,38,Sara Rodriguez,7,52.2,173,263,65.77946768060836,74,1
158,Streamline Killer Infrastructures,6,Thomas Phillips,9,26.4,66,115,57.391304347826086,69,1
159,Target 24/365 Partnerships,53,Tracey Bridges MD,7,41.0,199,275,72.36363636363636,73,0
160,Implement Interactive Infrastructures,8,Sherri Payne,12,49.2,156,227,68.72246696035242,85,1
161,Harness 24/365 Deliverables,33,Jonathan Norris,10,18.6,128,210,60.952380952380956,62,1
162,Benchmark Real-Time Bandwidth,15,James Edwards,3,43.8,23,98,23.46938775510204,78,1
163,Seize Extensible Metrics,15,Benjamin Parker,14,16.2,102,193,52.84974093264248,90,1
164,Incentivize Real-Time Solutions,19,Sarah Walton,10,33.2,20,43,46.51162790697674,80,1
165,Evolve Out-Of-The-Box Mindshare,43,Deborah Braun,7,32.6,150,222,67.56756756756756,86,1
166,Disintermediate Out-Of-The-Box Web-Readiness,8,Melinda Johns,6,43.6,66,160,41.25,78,1
167,Innovate Bleeding-Edge Web-Readiness,23,Michael Burch,3,33.4,82,85,96.47058823529412,81,0
168,Seize B2C Experiences,40,Stephanie Morrow,4,25.8,120,138,86.95652173913044,96,1
169,Synergize Frictionless Web Services,9,Julie Atkins,4,31.2,81,136,59.55882352941176,87,1
170,Streamline Viral Roi,15,Erica Smith,11,35.4,130,195,66.66666666666666,98,1
171,Deliver Holistic Content,52,Jasmine Anderson,11,31.2,161,243,66.2551440329218,83,1
172,Redefine Sticky Relationships,49,John Olson,13,22.4,86,104,82.6923076923077,82,0
173,Incentivize Integrated Experiences,43,Scott White,5,24.0,154,158,97.46835443037975,83,0
174,Iterate Value-Added Supply-Chains,22,Erica Flores,9,39.6,76,133,57.14285714285714,73,1
175,Engineer Turn-Key Action-Items,32,Michael Melendez,8,54.8,121,164,73.78048780487805,78,0
176,Leverage Cutting-Edge Relationships,40,Brenda Greene,7,29.8,123,170,72.35294117647058,96,1
177,Whiteboard Front-End Deliverables,35,Mark Jimenez,8,46.8,163,233,69.95708154506438,75,1
178,Extend Leading-Edge Action-Items,10,David Harris,12,28.2,192,210,91.42857142857143,86,0
179,Cultivate B2C E-Markets,21,Danny Peters,5,64.0,192,279,68.81720430107528,77,1
180,Transition End-To-End Niches,27,Heather Collins,10,21.2,102,122,83.60655737704919,80,0
181,Grow Ubiquitous E-Business,30,Mark Lawrence,14,52.8,137,172,79.65116279069767,70,0
182,Morph Efficient E-Commerce,9,Michael Walker,11,47.2,44,79,55.69620253164557,73,1
183,Implement Efficient Vortals,39,Brian Martin,9,54.2,136,204,66.66666666666666,83,1
184,Brand Frictionless Communities,44,Jeffrey Hill,6,32.2,117,214,54.67289719626168,93,1
185,Iterate Killer Eyeballs,32,Isaiah Boyle,10,22.4,41,132,31.060606060606062,75,1
186,Re-Contextualize Viral E-Tailers,11,Andrew Kemp,5,21.4,63,108,58.333333333333336,73,1
187,Visualize Transparent E-Business,23,Cheryl Collins,5,51.0,39,65,60.0,85,1
188,Matrix One-To-One Portals,38,Amy Smith,3,62.6,174,258,67.44186046511628,92,1
189,Drive Cutting-Edge Web Services,45,Elizabeth Lang,6,44.0,81,129,62.7906976744186,86,1
190,Revolutionize B2C Portals,10,Amanda Reed,4,58.2,155,209,74.16267942583733,62,0
191,Productize Plug-And-Play Action-Items,26,Brett Soto,4,51.6,75,129,58.139534883720934,71,1
192,Streamline Extensible Portals,8,Lawrence Clay,12,33.8,45,136,33.088235294117645,86,1
193,Whiteboard Collaborative Eyeballs,42,Kristi Cook,10,21.4,103,164,62.80487804878049,72,1
194,Redefine Web-Enabled Interfaces,14,Danielle Li,11,55.4,177,238,74.36974789915966,72,0
195,Re-Intermediate B2B Content,31,Rachael Stein,4,45.4,157,171,91.81286549707602,95,1
196,Whiteboard Wireless Action-Items,18,Amanda Lewis,6,55.2,63,87,72.41379310344827,66,0
197,Maximize Plug-And-Play Action-Items,5,Nicole Ellis,6,38.6,77,163,47.239263803680984,93,1
198,Embrace Open-Source Mindshare,13,Alexis Rivera,12,25.4,71,85,83.52941176470588,94,1
199,Enhance Out-Of-The-Box Synergies,54,Rachel White,9,24.8,163,223,73.09417040358744,69,0
200,Embrace B2B Functionalities,4,James Allen,6,38.0,115,188,61.170212765957444,91,1
201,Morph Vertical Eyeballs,16,Lindsey Fitzpatrick,4,29.0,120,196,61.224489795918366,74,1
202,Transform Granular Roi,12,Zachary Ross,3,55.2,25,100,25.0,86,1
203,Monetize Web-Enabled E-Services,59,John Villegas,7,30.2,47,47,100.0,92,1
204,Redefine Revolutionary Metrics,24,Jason Camacho,12,41.0,80,140,57.14285714285714,80,1
205,Transform Collaborative Synergies,5,Shaun Evans,4,48.6,92,165,55.757575757575765,60,1
206,Scale User-Centric Users,16,Jeffrey Gibson,4,34.4,59,81,72.8395061728395,73,0
207,Exploit Global Supply-Chains,1,Mr. Jason Todd MD,10,42.8,40,64,62.5,89,1
208,Target Value-Added Web-Readiness,15,Patricia Mccoy,4,54.6,186,241,77.17842323651453,75,0
209,Re-Contextualize Magnetic Web-Readiness,32,Hector Wright,12,24.0,29,110,26.36363636363636,87,1
210,Synergize Compelling Bandwidth,30,Samuel Arias,10,28.8,193,254,75.98425196850394,92,1
211,Strategize Cutting-Edge Vortals,3,Kenneth Smith,14,30.6,193,231,83.54978354978356,77,1
212,Whiteboard Open-Source Portals,28,Crystal Smith,13,34.8,56,81,69.1358024691358,96,1
213,Extend Enterprise Functionalities,22,Melissa Gregory,12,57.2,59,124,47.58064516129033,60,1
214,Drive Virtual Interfaces,5,Crystal Hughes DDS,12,30.2,44,101,43.56435643564357,88,1
215,Redefine B2C E-Markets,5,John Knapp,14,55.2,74,160,46.25,77,1
216,Evolve Mission-Critical Convergence,56,Misty Clark,8,14.4,186,282,65.95744680851064,80,1
217,Engage Impactful Applications,22,Devin Winters,12,47.8,37,125,29.599999999999998,78,1
218,Enhance User-Centric Channels,14,David Hamilton,11,48.4,180,222,81.08108108108108,99,1
219,Matrix Turn-Key Vortals,44,Samantha Cunningham,14,32.4,185,203,91.13300492610837,81,0
220,Implement B2B Interfaces,5,Tina Lewis,7,39.6,129,144,89.58333333333334,96,1
221,Syndicate Web-Enabled Metrics,6,Dustin Davis,10,53.6,144,185,77.83783783783784,96,1
222,Enable Impactful Convergence,37,Barbara Hill,4,39.2,182,213,85.44600938967136,81,0
223,Morph Next-Generation Applications,49,Colleen Diaz,12,61.2,54,136,39.705882352941174,89,1
224,Disintermediate Dynamic Methodologies,50,Jerome Butler,4,46.8,107,163,65.6441717791411,65,1
225,Repurpose Transparent Synergies,28,Mitchell Tyler,9,28.8,133,155,85.80645161290322,83,0
226,Expedite World-Class Synergies,17,Donald Wise,10,40.8,98,120,81.66666666666667,65,0
227,Harness Out-Of-The-Box Interfaces,44,Emily Howard,5,35.6,166,240,69.16666666666667,60,1
228,Expedite Bricks-And-Clicks Eyeballs,55,Eric Berry,13,24.0,96,131,73.2824427480916,85,0
229,Generate User-Centric Roi,17,Jeremy Howard,9,57.8,185,185,100.0,76,0
230,Seize Efficient Web-Readiness,53,Ryan Miller,6,38.4,85,138,61.59420289855072,95,1
231,Incentivize Visionary Deliverables,37,James Miller,11,37.8,174,178,97.75280898876404,67,0
232,Innovate Leading-Edge Content,58,Joshua Green,14,15.6,162,248,65.32258064516128,87,1
233,Grow One-To-One Relationships,2,Heather Garcia,3,24.4,55,101,54.45544554455446,85,1
234,Aggregate Integrated Interfaces,26,Jill Smith,10,50.8,72,165,43.63636363636363,83,1
235,Incubate Global Functionalities,38,Jessica Schmidt,3,45.4,175,251,69.7211155378486,66,1
236,Redefine Revolutionary Solutions,27,Elizabeth Bailey,13,34.2,91,189,48.148148148148145,77,1
237,Harness Bleeding-Edge Relationships,10,Linda Mcmillan,4,48.2,85,98,86.73469387755102,84,0
238,Matrix Magnetic Infrastructures,58,Joseph Munoz,13,54.4,180,235,76.59574468085107,77,0
239,Engineer Best-Of-Breed Models,13,Kimberly Walker,9,49.2,113,172,65.69767441860465,62,1
240,Syndicate Enterprise Niches,44,Kimberly Andrews,11,44.4,128,207,61.83574879227053,65,1
241,Brand Next-Generation Bandwidth,18,Amanda White,8,51.4,166,233,71.24463519313305,78,0
242,Seize Leading-Edge Vortals,32,Connor Morris,11,36.2,95,121,78.51239669421489,97,1
243,Enable Compelling Architectures,15,Thomas Jackson,11,49.6,169,221,76.47058823529412,82,0
244,Empower Rich Action-Items,5,Fred Christian,6,46.6,159,228,69.73684210526315,91,1
245,Streamline Extensible Users,26,Paul Richards,6,54.8,99,119,83.19327731092437,76,0
246,Facilitate World-Class Action-Items,22,John Baker,7,41.6,58,98,59.183673469387756,83,1
247,Facilitate Holistic Paradigms,24,Joseph Stein,6,38.8,71,164,43.292682926829265,99,1
248,Unleash Integrated Synergies,12,Dean Ryan,13,38.4,100,103,97.0873786407767,87,0
249,Mesh Cross-Platform Web Services,24,Todd Moore,11,20.8,116,146,79.45205479452055,76,0
250,Maximize Collaborative Niches,28,Kimberly Fry,12,22.4,94,151,62.251655629139066,81,1
251,Mesh Best-Of-Breed E-Commerce,16,Amanda Lambert,13,52.6,152,234,64.95726495726495,73,1
252,Brand Back-End Synergies,29,Patricia Macias,14,56.8,57,120,47.5,70,1
253,Benchmark Sticky Networks,49,Melissa Perez,6,31.0,172,184,93.47826086956522,97,1
254,Enhance Distributed Paradigms,14,Gabriela Benson,7,26.2,143,241,59.33609958506224,73,1
255,Evolve Strategic E-Services,8,Matthew Fisher,11,50.0,103,106,97.16981132075472,61,0
256,Utilize Holistic Networks,22,Karen Brown,8,24.0,37,103,35.92233009708738,82,1
257,Innovate User-Centric Initiatives,16,Lisa Morris,3,55.2,47,132,35.60606060606061,82,1
258,Streamline Dot-Com Deliverables,39,Ann Wright,5,54.8,73,124,58.87096774193549,78,1
259,Harness E-Business E-Business,40,Brian Wang,13,41.6,44,54,81.48148148148148,76,0
260,Syndicate Enterprise Markets,20,Courtney Shaw,4,19.2,116,168,69.04761904761905,82,1
261,Productize E-Business E-Markets,8,Stephen Contreras,11,43.0,54,91,59.34065934065934,85,1
262,Engineer Virtual Partnerships,15,Nicole Hart,7,56.0,97,99,97.97979797979798,74,0
263,Matrix Intuitive Technologies,16,Raymond Mclaughlin,7,34.8,26,122,21.311475409836063,99,1
264,Brand User-Centric Networks,4,David Mcguire,6,45.4,120,203,59.11330049261084,89,1
265,Orchestrate Enterprise Relationships,34,Howard Juarez,8,31.2,116,174,66.66666666666666,91,1
266,Incubate Killer Content,22,Joshua Marquez,7,31.4,31,75,41.333333333333336,83,1
267,Strategize Plug-And-Play Roi,35,Gregory Hamilton,5,24.0,189,283,66.78445229681978,86,1
268,Benchmark Transparent Info-Mediaries,51,Rachel Martinez,11,47.0,187,268,69.77611940298507,88,1
269,Facilitate User-Centric Architectures,56,Charles Mcgrath,9,25.2,37,118,31.35593220338983,89,1
270,Productize Rich Systems,34,Miranda Myers,13,33.8,146,188,77.6595744680851,97,1
271,Synthesize Synergistic Architectures,21,Monica Lopez,14,24.8,35,122,28.688524590163933,94,1
272,Target Dot-Com Vortals,28,Barbara Gray,13,40.2,84,157,53.503184713375795,68,1
273,Scale Value-Added Channels,49,Dana Moore,4,23.4,54,135,40.0,67,1
274,Generate Efficient Metrics,5,Steven White,6,31.6,114,213,53.52112676056338,60,1
275,Empower Cutting-Edge E-Business,1,Spencer Hodge,9,50.4,75,95,78.94736842105263,86,1
276,Redefine One-To-One Applications,1,Robin Hickman,5,39.8,159,233,68.24034334763948,93,1
277,Embrace Impactful Models,56,Timothy Cole,14,48.8,120,158,75.9493670886076,84,0
278,Enable Web-Enabled Schemas,44,Alexander Schwartz,9,20.4,117,204,57.35294117647059,85,1
279,Engage Interactive Supply-Chains,28,Luke Mack,13,39.0,146,236,61.86440677966102,97,1
280,Maximize Robust Systems,14,Matthew Rogers,7,18.8,91,120,75.83333333333333,96,1
281,Iterate Collaborative Channels,25,Tyler Pham,6,49.6,156,171,91.22807017543859,99,1
282,Benchmark Seamless Channels,59,Melissa Norton,12,61.2,26,90,28.888888888888886,86,1
283,Architect Distributed Content,29,Jenna Kelly,14,57.4,55,69,79.71014492753623,88,0
284,Mesh Interactive Methodologies,54,Casey Moore,9,32.0,97,192,50.520833333333336,86,1
285,Utilize 24/365 Relationships,30,Robert Krueger,7,38.0,191,198,96.46464646464646,97,1
286,Utilize Visionary Info-Mediaries,19,John Campbell,12,54.0,182,208,87.5,85,0
287,Streamline Out-Of-The-Box Convergence,4,Ethan Medina,12,67.4,172,253,67.98418972332016,63,1
288,Maximize Plug-And-Play Infrastructures,17,Matthew Ramsey,14,52.4,119,163,73.00613496932516,89,0
289,Architect Dynamic E-Markets,39,Deborah Meyer,11,41.4,95,103,92.23300970873787,63,0
290,Facilitate Turn-Key Models,41,Jose Obrien,3,32.2,155,203,76.35467980295566,99,1
291,Mesh B2C Mindshare,2,James Mitchell,5,54.8,146,233,62.66094420600859,96,1
292,Enable Clicks-And-Mortar Web-Readiness,20,Melissa Nash,8,40.2,174,261,66.66666666666666,67,1
293,Envisioneer Customized Eyeballs,12,Karen Hughes,4,44.4,130,132,98.48484848484848,89,0
294,Strategize Robust Communities,45,Kim Johnson,10,44.2,51,117,43.58974358974359,86,1
295,Cultivate Web-Enabled Metrics,50,James Sanders,5,31.8,26,96,27.083333333333332,90,1
296,Grow Out-Of-The-Box Schemas,8,Timothy Jones,11,31.0,120,181,66.29834254143645,96,1
297,Extend Web-Enabled Content,27,Elizabeth Reeves,11,59.6,81,117,69.23076923076923,83,1
298,Extend Rich E-Business,3,Steven Lee,12,42.8,73,101,72.27722772277228,71,1
299,Drive Best-Of-Breed Infrastructures,16,David Gonzalez MD,5,55.8,134,196,68.36734693877551,75,1
300,Aggregate Clicks-And-Mortar Initiatives,50,Joseph Guzman DDS,13,40.0,191,264,72.34848484848484,81,0
301,Strategize Dot-Com Applications,4,Christopher Smith,4,32.4,69,104,66.34615384615384,82,1
302,Reinvent Scalable Content,1,James Miller,11,50.8,144,178,80.89887640449437,60,1
303,Enhance Turn-Key E-Business,12,Michael Santos,4,52.4,53,121,43.80165289256198,81,1
304,Deliver Vertical Eyeballs,15,Kristin Vasquez,10,44.4,173,209,82.77511961722487,99,1
305,Revolutionize B2B Initiatives,21,Benjamin Chung,9,19.0,70,91,76.92307692307693,73,0
306,Generate Cross-Platform Initiatives,39,Nathaniel Ward,7,46.4,68,106,64.15094339622641,68,1
307,Facilitate Open-Source Niches,29,Benjamin Greene,12,60.0,36,96,37.5,89,1
308,Facilitate Distributed Experiences,23,Philip Sweeney,8,37.2,97,135,71.85185185185186,89,0
309,Re-Intermediate Next-Generation Portals,3,William Richards,9,52.6,91,171,53.216374269005854,63,1
310,Empower Value-Added Deliverables,6,Kelli Cain,5,45.6,106,199,53.266331658291456,64,1
311,Architect B2C Content,22,Danny Roberts,8,39.6,126,152,82.89473684210526,64,0
312,Unleash Front-End Action-Items,34,Lisa Gillespie,13,44.0,85,100,85.0,90,0
313,Enable Cross-Media Supply-Chains,9,Jeremiah Whitehead,13,29.0,135,180,75.0,82,0
314,E-Enable Killer Roi,22,Nicole Henry,4,35.6,114,134,85.07462686567165,99,1
315,Incentivize Virtual Solutions,41,Rodney Weaver,13,47.4,169,188,89.8936170212766,84,0
316,Implement Extensible Solutions,49,Paul Barnes,8,57.6,133,143,93.00699300699301,74,0
317,Deploy Vertical Applications,18,Angela Thomas,8,40.2,116,116,100.0,93,1
318,Extend Sticky Bandwidth,7,John Hill,6,39.0,111,177,62.71186440677966,65,1
319,Brand Efficient Technologies,45,Douglas Heath,6,44.0,120,208,57.692307692307686,63,1
320,Empower Distributed Paradigms,41,Jaime Moore,14,41.6,171,261,65.51724137931035,73,1
321,Implement Ubiquitous Web-Readiness,31,Alan Lane,4,53.2,44,142,30.985915492957744,80,1
322,Incubate Turn-Key E-Commerce,6,Christopher Johnson,4,54.6,178,196,90.81632653061224,86,0
323,Utilize Dot-Com Content,42,Robert Abbott,6,17.6,59,78,75.64102564102564,96,1
324,Drive Integrated Deliverables,53,William Russell,3,54.0,117,173,67.63005780346822,91,1
325,Integrate Mission-Critical Convergence,15,Joseph Mcgee,8,23.0,117,140,83.57142857142857,71,0
326,Utilize 24/365 Interfaces,38,Jonathan Williams,13,39.8,20,23,86.95652173913044,61,0
327,Productize 24/365 Paradigms,51,Christopher Wise,3,44.8,70,113,61.94690265486725,75,1
328,Embrace Virtual Communities,51,Carolyn Stewart,8,52.4,83,143,58.04195804195804,89,1
329,Revolutionize Clicks-And-Mortar Architectures,9,Julian Hopkins,7,27.4,46,121,38.01652892561984,97,1
330,Orchestrate Cross-Media E-Tailers,55,Dr. Jessica Stout DDS,14,33.2,102,160,63.74999999999999,61,1
331,Deploy Collaborative Networks,15,Lisa Grant,11,50.6,192,283,67.84452296819788,63,1
332,Harness Mission-Critical Networks,13,Monica Spencer,9,32.4,108,176,61.36363636363637,94,1
333,Engage Compelling Experiences,25,Margaret Jones,6,46.4,46,138,33.33333333333333,88,1
334,E-Enable Turn-Key Synergies,29,Jennifer Brown,3,30.0,25,80,31.25,60,1
335,Brand Mission-Critical Platforms,49,Karen Moore,12,55.8,130,168,77.38095238095238,74,0
336,Streamline Plug-And-Play E-Commerce,9,Pamela Duncan,14,33.6,135,136,99.26470588235294,83,0
337,Optimize Value-Added Users,36,Gary Parker,12,32.8,197,283,69.6113074204947,81,1
338,Reinvent One-To-One Action-Items,20,Tina Cook,13,32.8,63,96,65.625,75,1
339,Syndicate Frictionless E-Business,2,Shane Hudson,10,52.8,190,211,90.04739336492891,64,1
340,Enable Impactful E-Tailers,56,Crystal Smith,8,22.2,53,113,46.902654867256636,93,1
341,Cultivate End-To-End Vortals,18,Jason Johnson,5,55.6,55,112,49.107142857142854,63,1
342,E-Enable Distributed Action-Items,9,Margaret Snyder,9,31.0,86,156,55.12820512820513,98,1
343,Productize Vertical E-Tailers,49,John Dalton,11,53.2,48,113,42.47787610619469,63,1
344,Utilize Compelling Functionalities,9,Lisa Ferrell,12,31.2,55,79,69.62025316455697,90,1
345,Disintermediate Robust Niches,28,Sarah Johnson,5,32.4,100,107,93.45794392523365,82,0
346,Deploy Next-Generation Applications,40,Bryan Williams,14,27.6,69,165,41.81818181818181,96,1
347,Integrate Strategic E-Services,14,Nicholas Kirk,9,37.2,103,103,100.0,80,0
348,Engage One-To-One Users,48,Dawn Moore,8,62.0,43,107,40.18691588785047,63,1
349,Re-Contextualize Cutting-Edge Synergies,27,Peggy Petty,14,26.6,104,152,68.42105263157895,74,1
350,Integrate World-Class Schemas,6,Brandi Thomas,7,55.0,116,136,85.29411764705883,61,0
351,Engineer Mission-Critical Action-Items,33,Amanda Barber,5,54.2,26,55,47.27272727272727,76,1
352,Target B2B Interfaces,10,James Baker,10,51.2,176,260,67.6923076923077,62,1
353,Harness Strategic Markets,50,Paula Martin,6,30.8,37,111,33.33333333333333,85,1
354,Enable Web-Enabled Solutions,8,Shane Lozano,14,35.0,93,192,48.4375,97,1
355,Brand Leading-Edge Relationships,44,Kathryn Washington,9,22.8,99,190,52.10526315789473,62,1
356,Embrace Web-Enabled Markets,22,James Henderson,11,65.6,181,238,76.05042016806722,83,0
357,Innovate Vertical Infrastructures,53,Jacob Mason,11,46.0,164,165,99.39393939393939,89,0
358,Matrix Plug-And-Play Initiatives,2,Stephen Green,10,40.8,110,128,85.9375,72,1
359,Deliver Bleeding-Edge Schemas,14,Randy Robles,11,24.4,135,146,92.46575342465754,64,0
360,Seize Interactive Web Services,24,Bonnie Davenport,8,39.0,177,250,70.8,62,0
361,Benchmark Granular Applications,5,Scott Jackson,12,40.2,168,216,77.77777777777779,76,0
362,Extend Turn-Key Deliverables,27,Patrick Ball,8,31.6,76,132,57.57575757575758,67,1
363,Incentivize Revolutionary Systems,17,Jennifer Schmidt,5,60.8,189,243,77.77777777777779,87,0
364,Facilitate Scalable Synergies,37,Nancy Carter,14,40.4,159,240,66.25,72,1
365,Incubate Front-End Vortals,8,Andrew Murray,11,37.2,39,57,68.42105263157895,62,1
366,Disintermediate Out-Of-The-Box Users,35,Katelyn Salas,5,64.8,174,220,79.0909090909091,96,1
367,Incubate Enterprise Convergence,38,Aaron Torres,7,61.2,81,157,51.59235668789809,89,1
368,Scale Global Methodologies,9,Andrea Dixon,8,46.0,58,114,50.877192982456144,71,1
369,Deliver Open-Source Markets,33,Hannah Bowers,7,23.2,147,245,60.0,82,1
370,Incubate User-Centric Eyeballs,55,Sarah Price,10,39.2,194,275,70.54545454545455,66,0
371,Envisioneer Real-Time E-Services,47,Shawn Sanchez,14,24.2,82,83,98.79518072289156,67,0
372,Orchestrate Dot-Com Experiences,8,Alexis Gould,11,41.8,173,218,79.35779816513761,80,0
373,Syndicate Customized Channels,11,Betty Ballard,7,42.6,125,127,98.4251968503937,93,1
374,Envisioneer Clicks-And-Mortar Convergence,44,Brittany Morse,3,35.6,176,233,75.53648068669528,89,0
375,Aggregate Back-End E-Commerce,28,Johnathan White,6,34.0,86,87,98.85057471264368,63,0
376,Incentivize Collaborative Mindshare,3,Lisa Barnes,13,43.2,105,140,75.0,72,1
377,Expedite Frictionless Communities,28,Karen Smith,10,18.4,44,100,44.0,97,1
378,Benchmark Out-Of-The-Box Functionalities,12,Danny Acosta,6,50.2,146,227,64.31718061674009,98,1
379,Transition B2C Paradigms,34,Bryan Johnson,5,41.4,155,200,77.5,82,0
380,Scale Turn-Key E-Markets,11,Joseph Ramirez,4,53.0,136,215,63.25581395348837,98,1
381,Visualize Back-End Supply-Chains,23,Robert Navarro,11,48.2,127,187,67.9144385026738,60,1
382,Target Plug-And-Play Solutions,6,Jill Peters,13,31.8,177,245,72.24489795918367,86,0
383,Syndicate Visionary Experiences,42,Paige Allen,11,34.8,52,144,36.11111111111111,77,1
384,Optimize Cross-Platform E-Commerce,49,Steven Ferguson,8,37.8,98,139,70.50359712230215,78,0
385,Transform Clicks-And-Mortar Eyeballs,51,Sylvia Lewis,11,43.6,90,103,87.37864077669903,80,0
386,Revolutionize Proactive E-Commerce,11,Curtis Glass,11,27.4,24,68,35.294117647058826,61,1
387,Redefine Leading-Edge Applications,53,Matthew Sanchez,14,38.4,55,67,82.08955223880598,96,1
388,Unleash Value-Added Platforms,41,Victoria Clark,3,52.4,36,86,41.86046511627907,66,1
389,Empower Rich Infrastructures,56,Mikayla Johnson,5,49.4,59,90,65.55555555555556,95,1
390,Maximize Extensible E-Markets,33,Allen Gonzalez,7,25.8,166,212,78.30188679245283,66,0
391,Engineer Value-Added Relationships,41,Amanda Stewart,6,56.0,150,162,92.5925925925926,97,1
392,Grow World-Class Convergence,22,Jeff Reilly,12,35.0,152,190,80.0,80,0
393,Brand Wireless Experiences,3,Samantha Gonzalez,5,55.2,132,151,87.41721854304636,78,1
394,Grow Cross-Media E-Services,56,Lindsey Shah,5,60.6,177,232,76.29310344827587,64,0
395,Incubate Distributed Functionalities,58,Marcus Blake,4,45.8,158,231,68.3982683982684,80,1
396,Re-Contextualize 24/365 Roi,24,Jodi Barnes,12,64.8,70,159,44.0251572327044,65,1
397,Innovate One-To-One Metrics,47,Shelly Johnson,9,34.4,130,211,61.61137440758294,74,1
398,Cultivate Granular Systems,38,Andrew Butler,7,48.2,56,93,60.215053763440864,71,1
399,Innovate Out-Of-The-Box Initiatives,47,Joanna Moore,13,46.6,33,67,49.25373134328358,80,1
400,Engineer 24/365 Communities,22,David Garcia,4,56.0,124,218,56.88073394495413,99,1
401,Revolutionize Holistic Networks,39,Anthony Martinez,4,34.6,27,96,28.125,93,1
402,Strategize Holistic Action-Items,41,Elizabeth Turner,12,48.8,49,89,55.0561797752809,64,1
403,Redefine Clicks-And-Mortar Web-Readiness,27,Crystal Carpenter,5,39.4,108,136,79.41176470588235,60,0
404,Redefine Dynamic Eyeballs,3,Shannon Miranda,4,45.8,48,101,47.524752475247524,74,1
405,Synergize Intuitive Methodologies,40,Angela Gibbs,9,31.0,194,275,70.54545454545455,74,0
406,Drive Rich Models,45,Misty Cunningham,14,29.6,95,150,63.33333333333333,60,1
407,Synthesize Rich Interfaces,55,Cody Walton,5,51.2,90,170,52.94117647058824,64,1
408,Architect Innovative Relationships,6,Theodore Brown,11,24.2,191,275,69.45454545454545,67,1
409,Integrate Synergistic Roi,34,Tommy Moore,12,60.2,122,196,62.244897959183675,73,1
410,Drive Holistic Systems,8,Michael Rodriguez,13,34.0,108,198,54.54545454545454,62,1
411,Drive Sticky Solutions,30,Sharon Estes,3,52.2,171,249,68.67469879518072,73,1
412,Empower Ubiquitous Experiences,54,Shawn Johnson,3,28.4,31,66,46.96969696969697,80,1
413,Utilize Best-Of-Breed Paradigms,38,Brent Martinez,7,34.0,102,140,72.85714285714285,73,0
414,Morph Enterprise Infrastructures,41,Michael Cox,13,31.2,90,118,76.27118644067797,68,0
415,Envisioneer Impactful Architectures,26,Elizabeth Garcia,4,44.8,124,215,57.674418604651166,82,1
416,Envisioneer Cross-Platform Deliverables,5,Gina Bryant,8,52.0,46,78,58.97435897435898,69,1
417,Integrate End-To-End Mindshare,39,Amanda Valdez,10,33.0,71,112,63.39285714285714,96,1
418,Re-Intermediate Frictionless Web Services,13,Roger Williams,6,39.0,142,234,60.68376068376068,83,1
419,Whiteboard E-Business Synergies,43,David Booker,8,36.0,197,266,74.06015037593986,84,0
420,Mesh Sticky Niches,30,Logan Davis,4,63.8,198,247,80.16194331983806,86,0
421,Repurpose Next-Generation Web Services,48,Kathryn Brown,6,38.8,154,252,61.111111111111114,87,1
422,Transition Holistic Metrics,55,Troy Landry,14,34.2,133,224,59.375,64,1
423,Leverage Distributed Web-Readiness,7,Carol Gardner,9,35.8,93,113,82.30088495575221,69,0
424,Incubate Customized Platforms,18,Michael Rodriguez,4,38.6,193,267,72.28464419475655,80,0
425,Streamline Scalable Roi,17,Ryan Holmes,6,20.6,49,148,33.108108108108105,92,1
426,Integrate Vertical Methodologies,17,Ashley Brown,7,28.2,23,108,21.296296296296298,79,1
427,Engage Granular Models,43,Rachel Price,9,52.2,152,174,87.35632183908046,77,0
428,Syndicate Integrated Roi,45,Valerie Jordan,8,18.0,131,203,64.5320197044335,80,1
429,Incentivize B2C E-Tailers,55,Susan Maddox,9,58.6,97,169,57.396449704142015,76,1
430,Cultivate Extensible Architectures,11,Mark Gonzales,9,39.6,64,159,40.25157232704403,85,1
431,Enable Vertical E-Markets,26,Michael Hernandez,14,29.4,134,205,65.3658536585366,97,1
432,Unleash Frictionless Convergence,2,Justin Goodwin,5,28.8,125,138,90.57971014492753,84,1
433,Expedite Transparent Markets,19,Eric Randall,5,55.0,81,153,52.94117647058824,82,1
434,Incentivize Value-Added Eyeballs,27,Wesley Wright,14,27.2,195,288,67.70833333333334,94,1
435,Re-Contextualize Sticky Niches,53,Kaitlyn Strickland,9,47.4,32,101,31.683168316831683,70,1
436,Seize Next-Generation Applications,33,Amy Torres,7,36.6,35,83,42.168674698795186,89,1
437,Incubate Front-End Content,41,Alexis Bell,14,56.4,172,229,75.10917030567686,92,1
438,Streamline Back-End Markets,35,Erik Davidson,6,51.8,174,256,67.96875,81,1
439,Incentivize E-Business Solutions,29,Casey Nelson,13,41.4,187,232,80.60344827586206,97,1
440,Seize Visionary Eyeballs,6,William Harrell,11,29.8,103,198,52.02020202020202,85,1
441,Mesh Sticky Eyeballs,38,Tracy Davis,11,51.8,52,132,39.39393939393939,60,1
442,Target Enterprise E-Services,56,Tina Anderson,6,47.2,68,150,45.33333333333333,96,1
443,Empower Global Convergence,20,Miss Shannon Brown MD,4,26.2,187,262,71.37404580152672,71,0
444,Disintermediate Turn-Key Models,11,Yesenia Cordova,14,39.8,22,85,25.882352941176475,61,1
445,Grow 24/365 Networks,33,Cameron Scott,9,45.2,90,92,97.82608695652173,72,0
446,Seize Strategic Web-Readiness,23,Mark Miller,11,55.0,120,186,64.51612903225806,70,1
447,Target Seamless E-Tailers,56,Deborah Mann,12,29.6,176,216,81.48148148148148,72,0
448,Empower Web-Enabled Initiatives,14,Susan Page,6,38.8,48,53,90.56603773584906,68,0
449,Orchestrate Frictionless Web Services,3,Mary Williams,10,28.2,20,56,35.714285714285715,85,1
450,Incubate User-Centric E-Services,42,Joyce Meyer,3,32.0,158,195,81.02564102564102,82,0
451,Enhance Interactive Paradigms,38,Johnny Barnes,5,52.6,38,130,29.230769230769234,93,1
452,Enhance Sticky Metrics,5,Jordan Church,4,58.0,139,211,65.87677725118483,89,1
453,Disintermediate World-Class Infrastructures,30,Zachary Liu,13,47.4,116,205,56.58536585365853,95,1
454,Utilize World-Class Networks,25,Dr. John Adams,6,37.4,74,171,43.27485380116959,68,1
455,Morph Distributed Mindshare,35,Lonnie Torres,5,24.4,140,155,90.32258064516128,67,0
456,Synergize Proactive Methodologies,55,Seth Turner,9,52.4,199,249,79.91967871485943,93,1
457,Engineer Open-Source Content,48,Chad Mitchell,3,43.0,33,107,30.8411214953271,67,1
458,Orchestrate Revolutionary E-Markets,21,Edward Lambert,9,47.0,189,238,79.41176470588235,75,0
459,Iterate Proactive Eyeballs,54,Michelle Fitzgerald,5,27.6,168,257,65.36964980544747,73,1
460,E-Enable End-To-End Methodologies,36,Amy Hall,7,24.6,94,104,90.38461538461539,60,0
461,Redefine Frictionless Solutions,35,Lydia Williams,7,47.0,82,89,92.13483146067416,84,0
462,Orchestrate Frictionless Mindshare,39,Anthony Armstrong,13,37.0,134,211,63.507109004739334,92,1
463,Synergize Holistic Infrastructures,46,Theresa Humphrey,10,15.2,82,116,70.6896551724138,93,1
464,Brand Synergistic Synergies,41,Paula Ellis,10,43.4,191,275,69.45454545454545,85,1
465,Repurpose Virtual Content,56,Annette Jones,7,27.6,103,160,64.375,73,1
466,Orchestrate Next-Generation Applications,44,James Dominguez,9,31.6,170,192,88.54166666666666,96,1
467,Revolutionize B2C Schemas,2,Stacey Turner,3,52.0,163,226,72.12389380530973,70,1
468,Enable Web-Enabled Web Services,14,Ashley Simmons,13,42.8,119,184,64.67391304347827,92,1
469,Enhance Interactive Paradigms,40,Lauren Anderson,10,25.4,27,31,87.09677419354838,62,0
470,Facilitate Synergistic Systems,37,Melanie Berg,12,24.2,194,254,76.37795275590551,71,0
471,Unleash Enterprise Communities,56,Frank Mills,4,28.6,102,191,53.403141361256544,83,1
472,Transform Transparent Applications,39,Dawn Alvarez,9,49.2,197,221,89.14027149321268,89,0
473,Target Innovative E-Commerce,6,Annette Freeman,10,39.0,171,250,68.4,95,1
474,E-Enable Intuitive Eyeballs,37,Emily Baker,10,31.2,116,139,83.45323741007195,92,1
475,Deploy Out-Of-The-Box E-Commerce,45,Catherine Lang,4,42.2,174,244,71.31147540983606,81,0
476,Aggregate Strategic Channels,26,Theresa Houston,5,32.8,82,97,84.5360824742268,81,0
477,Matrix Dynamic Info-Mediaries,54,Gary Gonzalez,3,24.4,59,153,38.56209150326798,69,1
478,Re-Contextualize Bricks-And-Clicks Initiatives,46,Katie Bennett,12,24.8,24,51,47.05882352941176,68,1
479,Unleash Efficient Solutions,43,Christy Webster,11,45.6,33,95,34.73684210526316,96,1
480,Orchestrate Killer Functionalities,15,Rachel Baker,9,25.6,116,142,81.69014084507043,60,0
481,Cultivate Virtual E-Tailers,17,Harold Bennett,4,44.4,58,88,65.9090909090909,79,1
482,Enhance Viral Functionalities,12,Mike Soto,13,47.4,106,177,59.887005649717516,98,1
483,Visualize Back-End Convergence,53,Anthony Newman,8,34.6,108,132,81.81818181818183,63,0
484,Synthesize Scalable Applications,44,Vickie Mccullough,10,26.8,83,138,60.14492753623188,82,1
485,Drive Innovative Vortals,41,Patrick Newton,4,28.2,49,120,40.833333333333336,86,1
486,Benchmark Scalable Portals,5,Samantha Gonzalez,14,53.4,168,183,91.80327868852459,80,0
487,Innovate Bleeding-Edge Niches,25,Jasmine Bautista,4,48.8,169,194,87.11340206185567,89,0
488,Matrix Leading-Edge Deliverables,7,Dr. Nicholas Levine,8,48.8,77,101,76.23762376237624,83,0
489,Productize Mission-Critical Models,5,Seth Cunningham,13,16.0,31,112,27.67857142857143,65,1
490,Harness Visionary Deliverables,59,Hannah Mata,7,46.4,70,148,47.2972972972973,83,1
491,Monetize Dot-Com E-Markets,3,Christopher Graves,3,54.6,118,137,86.13138686131386,96,1
492,Productize One-To-One Roi,14,Joseph Morrison,10,39.8,181,240,75.41666666666667,61,0
493,Visualize Compelling Mindshare,47,Stephanie Mcmahon,10,51.8,104,186,55.91397849462365,91,1
494,Drive Revolutionary Supply-Chains,59,Lorraine Miller,3,46.4,36,72,50.0,78,1
495,Streamline Open-Source Schemas,3,Michael Allen,7,34.2,24,68,35.294117647058826,83,1
496,Morph Visionary Architectures,39,Deanna Gould,12,51.8,124,165,75.15151515151514,99,1
497,Evolve Ubiquitous Partnerships,36,Tara Gray,7,48.2,170,248,68.54838709677419,85,1
498,Mesh Innovative Functionalities,11,David Carson,13,41.8,191,281,67.97153024911033,78,1
499,Engineer Revolutionary Platforms,34,Ryan Hutchinson,3,54.4,137,192,71.35416666666666,67,0
500,Re-Contextualize Bleeding-Edge Schemas,21,Brad Diaz,14,36.4,101,158,63.92405063291139,83,1
501,Incubate Global Bandwidth,25,Laurie Krueger,7,29.4,182,216,84.25925925925925,71,0
502,Engage E-Business E-Services,55,Haley Adams,12,52.6,170,170,100.0,68,0
503,Transition Value-Added Web-Readiness,57,Jesse Haynes,5,44.8,30,117,25.64102564102564,75,1
504,Facilitate E-Business Bandwidth,38,Kathy Lynch,11,47.2,161,188,85.63829787234043,87,0
505,Expedite 24/365 E-Markets,14,Travis Flores,11,35.8,76,108,70.37037037037037,77,0
506,Cultivate One-To-One Roi,39,Jillian Rodriguez,12,23.4,96,98,97.95918367346938,90,0
507,Iterate Revolutionary Systems,3,Patricia Hoffman,7,44.8,117,185,63.24324324324324,74,1
508,Optimize Distributed Methodologies,56,Brian Jones,3,54.0,94,170,55.294117647058826,90,1
509,Unleash Customized Platforms,29,Paul Salas,13,45.8,121,135,89.62962962962962,73,0
510,Syndicate Cutting-Edge Applications,49,Mark Schmidt,4,24.0,154,203,75.86206896551724,91,1
511,Target Granular Systems,36,Larry Davis,14,29.6,135,232,58.189655172413794,80,1
512,Deploy Synergistic Action-Items,35,Lisa Alvarez,7,26.0,47,57,82.45614035087719,61,0
513,Synergize Bleeding-Edge Infrastructures,51,Shannon Chan,14,39.6,41,108,37.96296296296296,79,1
514,Architect Scalable Mindshare,41,Blake Powell,7,54.0,66,159,41.509433962264154,67,1
515,Synthesize Vertical Web-Readiness,45,Nichole Hoover,14,35.4,95,174,54.59770114942529,61,1
516,Incubate World-Class Systems,13,Ryan Hamilton,8,24.8,20,65,30.76923076923077,79,1
517,Redefine Efficient Info-Mediaries,53,Stephanie Lawrence,6,21.0,70,120,58.333333333333336,79,1
518,Visualize Back-End Paradigms,5,Edward Roberts,13,42.2,51,110,46.36363636363636,94,1
519,Leverage Killer Vortals,29,Alexis Wall,13,42.6,145,219,66.21004566210046,94,1
520,Grow Wireless E-Business,16,Barbara Hines,3,28.4,79,128,61.71875,70,1
521,Utilize Open-Source Communities,17,Robert Jackson,8,33.4,48,104,46.15384615384615,83,1
522,Implement User-Centric Users,24,Miranda Chang,7,34.2,136,220,61.81818181818181,74,1
523,Streamline Vertical E-Markets,41,Angela Cole,12,29.0,26,61,42.62295081967213,95,1
524,Harness Dot-Com Networks,46,Pamela Williams,11,22.8,130,211,61.61137440758294,98,1
525,Synthesize Real-Time Systems,5,Stephanie Brown,4,22.8,124,160,77.5,91,1
526,Enable Collaborative Networks,42,David Rose,4,53.8,158,220,71.81818181818181,77,0
527,Redefine 24/7 Initiatives,40,Lisa Mitchell,11,57.0,85,168,50.595238095238095,61,1
528,Exploit Viral Users,35,Sierra Obrien,9,42.0,155,166,93.37349397590361,92,1
529,Unleash Ubiquitous Action-Items,56,Christina Martinez,13,54.8,32,58,55.172413793103445,64,1
530,Seize Killer Interfaces,24,Felicia Bright,10,54.4,179,190,94.21052631578948,73,0
531,Expedite 24/7 Roi,23,Ann Gonzalez,11,43.8,91,129,70.54263565891473,87,0
532,Evolve Enterprise Deliverables,6,Wesley Hines,5,32.2,125,146,85.61643835616438,77,0
533,Reinvent Back-End E-Business,41,Desiree Smith,4,17.0,167,229,72.92576419213974,63,0
534,Mesh Rich Niches,14,Tammy Terrell,13,35.4,122,157,77.70700636942675,69,0
535,Brand Robust Experiences,7,Todd Simmons,7,59.4,142,185,76.75675675675676,78,0
536,Enhance Mission-Critical Infrastructures,16,Daniel Becker,5,25.2,189,288,65.625,73,1
537,Exploit Viral Networks,9,Kelly Hansen,14,47.2,81,168,48.214285714285715,85,1
538,Grow Enterprise Content,23,Leah Sanchez,7,22.6,127,181,70.1657458563536,82,0
539,Productize Customized E-Commerce,57,Christopher Stone,6,44.4,25,45,55.55555555555556,94,1
540,Morph Vertical Action-Items,33,Margaret Wagner,9,53.8,60,148,40.54054054054054,69,1
541,Incentivize One-To-One Systems,21,Johnny Sullivan,11,27.6,137,169,81.06508875739645,60,0
542,Reinvent Synergistic Networks,14,David Moody,13,53.6,101,182,55.494505494505496,83,1
543,Orchestrate Front-End Systems,49,Steven Shepherd,12,61.4,35,43,81.3953488372093,70,0
544,Engage E-Business Mindshare,36,William Heath,4,43.8,35,37,94.5945945945946,87,0
545,Revolutionize Impactful E-Markets,9,Raymond Harrell,3,24.6,120,211,56.872037914691944,97,1
546,Facilitate Transparent Schemas,18,Madison Smith,5,49.8,90,158,56.9620253164557,82,1
547,Mesh Extensible E-Markets,11,Sean Short,5,49.6,61,150,40.666666666666664,80,1
548,Re-Contextualize Ubiquitous Supply-Chains,10,Timothy Werner,10,44.0,161,187,86.09625668449198,84,0
549,Monetize End-To-End Systems,49,Christina Guerrero,11,38.6,169,200,84.5,63,0
550,Incentivize Proactive Web Services,29,Todd Reid,6,43.8,89,120,74.16666666666667,75,0
551,Engage Strategic Action-Items,31,Vanessa Hall,3,38.4,122,173,70.52023121387283,91,1
552,Expedite User-Centric Applications,45,Angelica Little,12,56.4,68,147,46.25850340136054,89,1
553,Generate Killer E-Commerce,58,David Molina,5,15.6,198,285,69.47368421052632,83,1
554,Unleash Proactive Systems,24,Yvonne Pena,11,23.6,168,258,65.11627906976744,68,1
555,Productize Real-Time Info-Mediaries,53,Taylor Spencer,6,48.4,178,200,89.0,74,0
556,Syndicate Granular E-Tailers,59,Steven Cook,6,23.2,132,142,92.95774647887323,86,0
557,Deploy Best-Of-Breed E-Services,3,James Wallace,14,47.0,141,173,81.5028901734104,95,1
558,Empower B2B Partnerships,42,Ricardo Chapman,11,34.2,32,36,88.88888888888889,78,0
559,Iterate 24/365 Infrastructures,53,Jerome Garza,4,65.0,112,177,63.2768361581921,72,1
560,Mesh Next-Generation Eyeballs,32,Susan Vaughan,3,34.2,95,114,83.33333333333334,75,0
561,Optimize Efficient Methodologies,29,Crystal Rodgers,6,27.4,63,103,61.165048543689316,81,1
562,Whiteboard Seamless Interfaces,10,Jeffrey Young,12,39.0,172,248,69.35483870967742,69,1
563,E-Enable Value-Added Platforms,15,Sarah Rosario,3,19.6,56,119,47.05882352941176,70,1
564,Integrate Dot-Com E-Tailers,48,Kevin Lopez,13,50.2,180,261,68.96551724137932,76,1
565,Enable Revolutionary Content,21,Jessica Silva,11,29.8,143,154,92.85714285714286,91,1
566,Syndicate 24/7 Content,17,Aaron Johnson,14,29.2,145,163,88.95705521472392,71,0
567,Innovate Virtual E-Business,9,Jesse Brown,5,17.6,36,57,63.1578947368421,79,1
568,Iterate Web-Enabled Metrics,36,Carl Ramos,10,32.6,142,152,93.42105263157895,87,0
569,Scale Real-Time Models,58,Marvin Carr,9,59.0,79,155,50.967741935483865,90,1
570,Engineer Real-Time Platforms,19,Barry Williams,10,32.0,186,201,92.53731343283582,94,1
571,Target Intuitive Deliverables,50,Victoria Little,8,54.2,188,199,94.47236180904522,79,0
572,Incubate Extensible Solutions,36,David Allen,10,34.2,163,200,81.5,61,0
573,Envisioneer Clicks-And-Mortar Platforms,38,Ruben Cook,12,38.8,131,185,70.8108108108108,64,0
574,Visualize Turn-Key Platforms,37,Regina Kirk,9,35.2,123,139,88.48920863309353,83,0
575,Incubate Open-Source Convergence,11,Tracy Valdez,7,35.4,20,24,83.33333333333334,90,0
576,Integrate Visionary Schemas,38,Peter Lee,13,47.0,140,164,85.36585365853658,74,0
577,Grow E-Business Infrastructures,58,Jennifer Frank,3,26.4,44,127,34.645669291338585,88,1
578,Extend Interactive Mindshare,48,Jennifer Hernandez,8,44.6,196,238,82.35294117647058,72,0
579,Reinvent Enterprise Eyeballs,40,Tammy Hernandez,6,42.8,23,64,35.9375,71,1
580,Re-Intermediate Back-End Systems,46,Kevin White,8,46.2,146,232,62.93103448275862,61,1
581,Revolutionize Transparent Experiences,49,Carrie Mills,13,59.2,74,75,98.66666666666667,87,0
582,Unleash Proactive Technologies,41,Derek Kidd,4,45.0,143,184,77.71739130434783,62,0
583,Harness Value-Added Portals,23,Mary Adams,12,32.2,73,136,53.67647058823529,98,1
584,Reinvent Out-Of-The-Box Bandwidth,26,Drew Clark,12,53.6,160,226,70.79646017699115,80,0
585,Enable Sticky Markets,9,Mary Murphy,12,35.6,52,151,34.437086092715234,86,1
586,Incubate Cross-Media Mindshare,4,Erika Garcia,5,54.4,127,167,76.04790419161677,93,1
587,Harness 24/7 E-Services,36,Erika Sweeney,7,38.2,81,95,85.26315789473684,66,0
588,Implement Enterprise Solutions,57,Joshua Montgomery,9,19.6,115,183,62.841530054644814,63,1
589,Transform Innovative Web-Readiness,11,Kristen Wilson,9,20.0,73,135,54.074074074074076,92,1
590,Optimize Plug-And-Play Channels,42,Diana Ponce,3,25.8,88,154,57.14285714285714,81,1
591,Expedite Ubiquitous Niches,31,Ashley Nguyen,5,59.0,94,149,63.08724832214765,88,1
592,Seize Sticky Deliverables,12,Marissa Salinas,13,23.6,95,96,98.95833333333334,69,0
593,Drive Integrated Initiatives,29,Michael Morris,8,32.6,148,247,59.91902834008097,85,1
594,Redefine Seamless Portals,25,Nicholas Brooks,8,52.8,51,104,49.03846153846153,88,1
595,Harness 24/365 Channels,33,Mr. Paul Alexander,12,69.2,123,124,99.19354838709677,79,0
596,Grow Synergistic E-Commerce,30,William Adams,8,48.8,133,230,57.826086956521735,76,1
597,Disintermediate Distributed Metrics,20,John Adams,3,45.6,173,262,66.03053435114504,61,1
598,E-Enable Dot-Com Deliverables,35,Wayne Dean,5,34.0,154,190,81.05263157894737,96,1
599,Visualize Mission-Critical E-Services,44,Candace Gibson,6,36.0,143,149,95.9731543624161,74,0
600,Deliver Efficient Convergence,58,Amanda Frazier,5,28.2,185,258,71.70542635658916,63,0
601,Morph Wireless Mindshare,27,Briana Martin,10,27.8,59,106,55.660377358490564,66,1
602,Empower 24/365 Vortals,33,Misty Velez,11,40.8,25,77,32.467532467532465,74,1
603,Harness Magnetic Methodologies,36,Jenny Norman,4,60.6,106,136,77.94117647058823,82,0
604,Deploy Impactful Supply-Chains,26,Michael Chan,4,51.8,92,107,85.98130841121495,68,0
605,Grow Cross-Platform Paradigms,32,Autumn Lee,14,33.6,131,195,67.17948717948717,69,1
606,Optimize Frictionless Roi,38,Reginald Spencer,5,50.6,75,85,88.23529411764706,93,1
607,Architect Cutting-Edge Synergies,25,Kathryn Lopez,13,66.0,162,180,90.0,72,0
608,Integrate Virtual Channels,24,Chelsea Francis,3,42.0,119,121,98.34710743801654,72,0
609,Disintermediate Scalable Experiences,48,Kimberly Peterson,7,27.6,168,253,66.40316205533597,86,1
610,Incubate Front-End Vortals,6,Erin Jackson,3,26.4,43,103,41.74757281553398,83,1
611,Deliver Rich Schemas,7,Matthew Tucker,8,44.0,124,127,97.63779527559055,94,1
612,Expedite Next-Generation Info-Mediaries,20,Ross West,8,52.2,109,139,78.41726618705036,61,0
613,Engineer Killer Platforms,29,Bruce Chavez,10,62.6,190,205,92.6829268292683,69,0
614,Integrate Dynamic Supply-Chains,58,Jessica Leonard,10,21.6,107,130,82.3076923076923,62,0
615,Facilitate Web-Enabled Interfaces,12,Joseph Peterson,6,15.6,178,261,68.19923371647509,92,1
616,Drive Best-Of-Breed Solutions,19,Tyrone Bowman,7,36.0,159,159,100.0,79,0
617,Deliver Scalable Initiatives,40,Jeffrey Simpson,6,52.2,48,105,45.714285714285715,81,1
618,Generate Distributed Platforms,40,Charles Morrow,7,60.6,97,103,94.1747572815534,94,1
619,Streamline One-To-One Portals,46,Danielle Nguyen,11,17.6,71,143,49.65034965034965,60,1
620,Implement Clicks-And-Mortar Applications,38,Tammy Williams,4,22.6,185,239,77.40585774058577,87,0
621,Target Holistic E-Tailers,6,Linda Wood,11,20.6,120,168,71.42857142857143,70,0
622,Enhance Ubiquitous Platforms,16,Brian Reid,9,66.8,126,195,64.61538461538461,70,1
623,Grow Robust Eyeballs,1,Tyler Lindsey,6,56.4,182,192,94.79166666666666,97,1
624,Harness 24/7 Action-Items,22,Teresa Hernandez,10,37.2,70,134,52.23880597014925,71,1
625,Strategize Visionary Convergence,53,Anne Andrews,8,47.4,159,255,62.35294117647059,85,1
626,Extend Dynamic Infrastructures,33,Jessica Nelson,4,34.4,142,146,97.26027397260275,67,0
627,Streamline World-Class Metrics,17,Jermaine Lowe,3,54.4,126,211,59.71563981042654,80,1
628,Deploy Collaborative E-Tailers,56,Philip Ferguson,7,26.2,193,205,94.14634146341463,98,1
629,Integrate Vertical Interfaces,28,Miguel Andrade,6,52.8,146,223,65.47085201793722,66,1
630,Drive Customized Applications,25,Kelly Jones,4,47.6,106,121,87.60330578512396,91,1
631,Grow Real-Time Architectures,6,Amy Thompson,12,46.8,157,255,61.568627450980394,89,1
632,Drive Granular Systems,43,Wendy Rodriguez,5,24.0,145,187,77.54010695187165,63,0
633,Strategize Magnetic Paradigms,38,Wyatt Tyler,3,35.0,94,180,52.22222222222223,87,1
634,Envisioneer Revolutionary Interfaces,39,Courtney Wang,13,27.8,25,44,56.81818181818182,68,1
635,Monetize Granular E-Tailers,58,Eugene Flores,14,37.8,97,189,51.32275132275132,71,1
636,Embrace Vertical Architectures,55,Eric Lam,13,40.2,95,172,55.23255813953488,70,1
637,Incubate Sticky Vortals,49,Patrick Ibarra,7,37.4,148,168,88.09523809523809,68,0
638,Revolutionize Virtual Technologies,2,Angelica Hamilton,5,33.6,21,63,33.33333333333333,61,1
639,Matrix B2C Methodologies,6,Bruce Medina,14,48.8,21,42,50.0,99,1
640,Transition Frictionless Deliverables,52,Rebecca Dominguez,9,28.6,57,89,64.04494382022472,99,1
641,Disintermediate Rich Metrics,6,Leslie Jensen,3,46.6,137,151,90.72847682119205,69,0
642,Embrace Back-End Initiatives,58,Christina Kelly,13,45.0,136,187,72.72727272727273,77,0
643,Benchmark Efficient Action-Items,21,Jessica Alexander,6,22.0,188,209,89.95215311004785,76,0
644,Matrix Extensible E-Commerce,21,Christine Conway,9,46.4,171,244,70.08196721311475,64,0
645,Architect Scalable E-Markets,55,Tracy Nichols,12,24.2,183,256,71.484375,99,1
646,Extend Bleeding-Edge Supply-Chains,57,Michele Mcfarland DDS,5,32.8,97,124,78.2258064516129,75,0
647,Optimize B2C Users,35,Anne Arnold,10,22.8,133,223,59.64125560538116,88,1
648,Redefine 24/365 Methodologies,43,Michelle Jones,7,36.2,181,253,71.54150197628458,75,0
649,Strategize Granular Info-Mediaries,18,Kristy Walker,12,47.2,150,187,80.21390374331551,99,1
650,Benchmark Visionary Portals,18,Matthew Cortez,13,11.8,165,221,74.6606334841629,77,0
651,Productize E-Business Action-Items,4,Brenda Watson,12,22.4,94,164,57.3170731707317,86,1
652,Disintermediate Viral Info-Mediaries,19,Shannon Gutierrez,14,38.6,73,136,53.67647058823529,66,1
653,Deploy Customized E-Services,8,Kenneth Garrison,11,39.4,137,137,100.0,84,0
654,Iterate Intuitive Bandwidth,33,Amanda Vega,12,34.4,90,140,64.28571428571429,80,1
655,Orchestrate Impactful Markets,44,Ronald Weber,11,39.0,124,158,78.48101265822784,78,0
656,Enhance B2C Paradigms,57,Richard Wang,11,32.6,61,79,77.21518987341773,81,0
657,Embrace B2B Users,59,Nancy Walsh,6,51.2,28,80,35.0,93,1
658,Extend Robust Paradigms,26,Toni Jones,3,28.0,110,146,75.34246575342466,68,0
659,Grow Magnetic Web Services,56,Brad Chang,11,51.8,168,215,78.13953488372093,63,0
660,Exploit Transparent Paradigms,2,Corey Adams,14,49.6,193,213,90.61032863849765,76,1
661,Incentivize Visionary Niches,28,Hannah Gallegos MD,11,49.0,128,162,79.01234567901234,97,1
662,Grow Value-Added Roi,53,Christina Smith,5,37.8,116,117,99.14529914529915,72,0
663,Drive Granular Deliverables,19,Brian Mcdonald,5,23.6,113,181,62.430939226519335,72,1
664,Transition Efficient Schemas,50,Crystal Underwood,10,36.8,36,71,50.70422535211267,72,1
665,Iterate Leading-Edge Web-Readiness,48,Laura Cisneros,13,47.4,39,124,31.451612903225808,65,1
666,Seize One-To-One Users,45,James Chapman,14,35.4,145,205,70.73170731707317,71,0
667,Leverage Virtual Web-Readiness,32,Marcus Williams,9,46.6,125,169,73.96449704142012,66,0
668,Redefine Innovative Functionalities,35,Daniel Smith,9,19.8,78,156,50.0,87,1
669,Redefine B2C Users,57,Christopher Berg,14,32.6,126,128,98.4375,83,0
670,Benchmark Bricks-And-Clicks Paradigms,59,Terry Ibarra,12,57.6,66,93,70.96774193548387,97,1
671,Brand Turn-Key Web-Readiness,52,Brian Vaughn,9,35.4,34,61,55.73770491803278,62,1
672,Expedite Extensible Mindshare,50,Timothy Robinson,14,60.6,136,227,59.91189427312775,97,1
673,Syndicate Out-Of-The-Box Deliverables,57,David Clark,12,31.6,30,99,30.303030303030305,71,1
674,Generate Web-Enabled Roi,7,Alexis Kelley,5,22.0,92,179,51.39664804469274,80,1
675,Expedite Distributed E-Commerce,40,Kelly Guerra,4,57.6,110,126,87.3015873015873,83,0
676,E-Enable Distributed Platforms,44,Jessica Nelson,3,35.2,99,107,92.5233644859813,92,1
677,Monetize Sticky Partnerships,4,Laura Williams,6,46.0,132,209,63.1578947368421,77,1
678,Strategize B2C Architectures,36,Sharon Garner,4,25.4,117,178,65.73033707865169,77,1
679,Synthesize Revolutionary Experiences,39,Jonathan Griffin,10,63.2,58,95,61.05263157894737,79,1
680,Harness B2C Deliverables,24,Joshua Jackson,3,14.6,29,107,27.102803738317753,72,1
681,Transform Best-Of-Breed Infrastructures,33,Jose Mitchell,8,23.8,77,133,57.89473684210527,84,1
682,Monetize Innovative Paradigms,3,Susan Hubbard,5,49.8,76,147,51.70068027210885,88,1
683,Transform Ubiquitous Applications,21,Darin Clark,8,54.6,155,249,62.24899598393574,78,1
684,Facilitate Global Action-Items,15,Thomas Meyers,14,54.4,170,227,74.8898678414097,83,0
685,Facilitate Leading-Edge E-Business,53,Valerie Anderson,11,44.8,70,144,48.61111111111111,62,1
686,Engineer Back-End Interfaces,36,Dylan Cooke,10,45.2,70,153,45.751633986928105,83,1
687,Matrix Turn-Key Systems,29,Robert Thompson,3,50.6,129,145,88.96551724137932,75,0
688,Mesh Clicks-And-Mortar Paradigms,24,Jeff Atkins DDS,10,27.2,87,101,86.13861386138613,76,0
689,Scale Vertical E-Tailers,39,Emily Duffy,10,34.4,103,154,66.88311688311688,99,1
690,Disintermediate Transparent Web Services,15,Laura Shannon,4,30.4,42,113,37.16814159292036,66,1
691,Reinvent End-To-End Supply-Chains,51,Jeremy Shea,9,42.2,63,154,40.909090909090914,61,1
692,Utilize 24/7 Markets,43,Keith Wade,14,44.4,107,199,53.768844221105525,94,1
693,Envisioneer Vertical Initiatives,39,Monica Colon DVM,6,66.0,160,161,99.37888198757764,85,0
694,Streamline Integrated Deliverables,17,Lisa Rodgers,6,56.2,43,54,79.62962962962963,65,0
695,Extend Magnetic Partnerships,16,Roberto Walker,12,37.6,139,209,66.50717703349282,83,1
696,Cultivate Real-Time Applications,30,Justin Garcia,3,30.2,46,111,41.44144144144144,72,1
697,Benchmark Transparent E-Services,27,Rebecca Jones,12,32.4,20,74,27.027027027027028,64,1
698,Visualize Dot-Com Interfaces,25,Maria Gordon DVM,12,21.4,113,194,58.24742268041238,88,1
699,Monetize B2B Technologies,1,Kevin Gross,11,30.0,138,157,87.89808917197452,61,1
700,Extend Killer Content,54,Mark Vasquez,5,46.0,186,255,72.94117647058823,72,0
701,Extend Clicks-And-Mortar E-Commerce,51,Brandon Pitts,5,37.2,117,210,55.714285714285715,74,1
702,Cultivate Viral Experiences,39,Margaret Norris,4,53.4,151,186,81.18279569892472,76,0
703,Extend Extensible Convergence,4,Erica Salazar,13,46.0,106,127,83.46456692913385,69,1
704,Iterate Efficient Info-Mediaries,27,Brian Nguyen,4,37.0,50,139,35.97122302158273,68,1
705,Monetize Interactive Infrastructures,34,Carrie Mendoza,14,21.8,21,30,70.0,89,0
706,Grow Granular Networks,1,Darrell Gallegos,12,21.8,155,214,72.42990654205607,95,1
707,Extend Revolutionary Bandwidth,8,Raymond Quinn,4,29.4,123,158,77.84810126582279,60,0
708,Optimize Best-Of-Breed Synergies,10,Mathew Guzman,12,26.6,100,143,69.93006993006993,77,1
709,Iterate Impactful Architectures,28,Anthony Ford,5,36.4,170,223,76.23318385650224,72,0
710,Empower Front-End Web-Readiness,57,Dean Bowen,8,55.8,42,130,32.30769230769231,77,1
711,Engage Vertical E-Business,14,Darrell Christensen,13,48.2,130,141,92.19858156028369,82,0
712,Exploit Mission-Critical E-Services,38,Jason Garrison,14,23.2,109,170,64.11764705882354,91,1
713,Implement Proactive Channels,13,Nicholas Curry,7,30.4,30,95,31.57894736842105,73,1
714,Scale 24/365 Channels,1,Cindy Carrillo,10,49.2,169,238,71.00840336134453,92,1
715,Morph Collaborative Supply-Chains,44,Luis Bailey,9,26.6,61,109,55.96330275229357,79,1
716,Exploit Enterprise Bandwidth,34,William Mooney,5,25.6,34,39,87.17948717948718,87,0
717,Enhance Intuitive Action-Items,58,Glenn Brown,6,53.2,24,74,32.432432432432435,90,1
718,Engage Strategic Networks,29,Jeffrey Dougherty,6,54.2,166,262,63.358778625954194,85,1
719,Seize Enterprise Infrastructures,7,Deanna Gomez,12,60.8,136,193,70.46632124352331,64,0
720,Exploit Web-Enabled Bandwidth,10,Mark Hill,8,32.0,132,159,83.01886792452831,63,0
721,Generate Proactive Web-Readiness,54,Beth Nguyen,13,63.4,190,207,91.78743961352657,68,0
722,Expedite Web-Enabled Action-Items,49,Jorge Burke,8,39.8,122,162,75.30864197530865,81,0
723,Whiteboard Extensible Markets,13,William Bailey,12,58.4,104,130,80.0,94,1
724,Innovate 24/7 Networks,54,Richard Kelly,6,36.2,157,196,80.10204081632652,83,0
725,Strategize Extensible E-Business,7,Brian Shaffer,14,63.4,98,182,53.84615384615385,74,1
726,Streamline One-To-One Channels,59,Rebecca Bailey,14,50.0,128,225,56.888888888888886,78,1
727,Envisioneer Revolutionary Deliverables,49,James Davis,14,25.2,103,186,55.376344086021504,95,1
728,Incentivize Sticky Functionalities,16,Brianna Gentry,3,36.6,161,212,75.94339622641509,72,0
729,Repurpose Revolutionary Web Services,56,Jamie Wright,10,36.8,196,227,86.34361233480176,72,0
730,Transition Ubiquitous Markets,5,Christopher Cortez,13,28.0,85,100,85.0,63,0
731,Architect Best-Of-Breed Applications,4,Adrienne Mccarthy,12,29.4,113,192,58.854166666666664,90,1
732,Evolve Cross-Media Portals,37,Terry Baker,7,44.0,86,179,48.04469273743017,61,1
733,Productize End-To-End Functionalities,24,Nancy Brooks,4,39.6,115,160,71.875,74,0
734,Drive Bleeding-Edge Infrastructures,48,Donald Bernard,13,43.8,105,201,52.23880597014925,69,1
735,Unleash Cross-Platform Schemas,7,Erin Gonzalez,5,32.6,76,137,55.47445255474452,97,1
736,Syndicate Visionary Deliverables,4,Sherry Barnes,6,61.6,77,174,44.252873563218394,85,1
737,Facilitate Best-Of-Breed E-Services,42,Laurie Alvarado,8,37.0,133,182,73.07692307692307,83,0
738,Repurpose Leading-Edge Metrics,27,Matthew Cruz,4,38.2,74,144,51.388888888888886,78,1
739,Mesh Collaborative Technologies,38,Valerie Nichols,12,40.4,92,176,52.27272727272727,93,1
740,Productize Viral Deliverables,5,Ms. Jessica Beltran,13,53.0,22,82,26.82926829268293,81,1
741,Target Revolutionary Schemas,54,Amanda Mcclain,7,38.2,28,98,28.57142857142857,65,1
742,Seize Value-Added Schemas,51,Kayla Williams,8,46.2,82,141,58.156028368794324,92,1
743,Revolutionize Virtual Synergies,15,Christina Davis,13,38.4,141,171,82.45614035087719,60,0
744,Orchestrate 24/7 Models,50,Justin Watts,5,58.8,132,161,81.98757763975155,96,1
745,Optimize Dot-Com Applications,46,Brent Ellison,6,33.6,41,69,59.42028985507246,67,1
746,Strategize Cross-Platform Web Services,10,Mary Stanley,3,48.8,57,155,36.774193548387096,87,1
747,Embrace Vertical Bandwidth,58,Belinda Johnson,10,56.6,144,241,59.75103734439834,97,1
748,Target Collaborative E-Commerce,9,Diamond Wilkinson,4,53.0,37,110,33.63636363636363,89,1
749,Integrate Compelling Action-Items,44,Mark Carroll,14,54.8,132,224,58.92857142857143,74,1
750,Synergize Granular Mindshare,10,Marie Jackson,10,31.6,64,133,48.1203007518797,83,1
751,Utilize Wireless Methodologies,46,Alicia Rodriguez,4,37.0,127,149,85.23489932885906,79,0
752,Streamline Web-Enabled Experiences,21,Amber Rhodes,14,24.2,177,225,78.66666666666666,69,0
753,Visualize B2C Architectures,55,James Floyd,14,50.6,156,156,100.0,65,0
754,Benchmark B2B Roi,12,Anthony Zamora,11,40.6,92,161,57.14285714285714,61,1
755,Reinvent Turn-Key Applications,21,Manuel Allison,4,26.0,84,97,86.5979381443299,70,0
756,Integrate Dot-Com Markets,19,Alicia Grimes,7,27.0,168,187,89.83957219251337,93,1
757,Incubate Wireless Infrastructures,3,Mr. Richard Koch,6,37.6,155,156,99.35897435897436,63,1
758,Harness Robust Technologies,50,Jeanne Kennedy,5,59.6,117,159,73.58490566037736,95,1
759,Benchmark Granular E-Commerce,15,James Orr,4,39.2,50,124,40.32258064516129,87,1
760,Generate Sticky Web Services,31,Susan Smith,14,53.0,78,108,72.22222222222221,70,0
761,Empower Cross-Platform Solutions,29,Patricia Adams,5,35.0,186,235,79.14893617021276,62,0
762,Maximize Magnetic E-Tailers,52,Susan Evans,8,55.0,36,62,58.06451612903226,76,1
763,Leverage E-Business Infrastructures,30,Thomas Ortiz,11,41.8,159,189,84.12698412698413,87,0
764,Incentivize Clicks-And-Mortar Experiences,16,Kristina Madden,4,52.4,52,56,92.85714285714286,76,0
765,E-Enable Transparent Bandwidth,8,Brian Allen,8,58.0,167,249,67.06827309236948,81,1
766,Unleash Viral Technologies,14,Megan Jimenez,11,56.6,167,225,74.22222222222223,67,0
767,Enhance E-Business E-Business,40,Mr. William Ferguson,3,52.4,67,155,43.225806451612904,64,1
768,Target Sticky Mindshare,47,Craig Zimmerman,5,37.0,75,129,58.139534883720934,78,1
769,Syndicate Visionary E-Business,42,Katherine Myers,4,58.6,46,46,100.0,82,0
770,Extend Value-Added E-Commerce,38,Curtis Ellis,4,55.2,43,138,31.15942028985507,68,1
771,Re-Intermediate Sticky Schemas,5,George Jackson,9,17.8,114,186,61.29032258064516,60,1
772,Architect Ubiquitous Networks,16,Christina English,4,23.0,182,252,72.22222222222221,94,1
773,Redefine Proactive Communities,29,Joseph Richards,3,30.4,191,258,74.03100775193798,76,0
774,Unleash Strategic Synergies,19,Ashley Winters,7,49.8,139,202,68.8118811881188,88,1
775,Transition Rich Roi,29,Shannon Harrison,14,20.8,68,113,60.17699115044248,73,1
776,Brand Holistic Content,46,Rebecca Little,4,25.4,132,133,99.24812030075188,91,1
777,Disintermediate Compelling Models,29,Carol Hawkins,12,28.2,23,84,27.380952380952383,84,1
778,Evolve Dot-Com Bandwidth,39,Melissa Ballard,6,55.0,153,180,85.0,76,0
779,Embrace Sticky Systems,9,Samuel Davis,10,39.0,63,155,40.64516129032258,67,1
780,Re-Intermediate One-To-One Architectures,41,Daniel Hall,12,24.0,155,239,64.85355648535564,62,1
781,Synthesize Cutting-Edge Initiatives,30,Justin Kelly,8,23.0,161,232,69.39655172413794,81,1
782,Generate Sticky Convergence,8,James Singleton,5,20.8,102,123,82.92682926829268,73,0
783,Re-Intermediate Scalable Eyeballs,27,Raymond Preston,5,40.0,92,102,90.19607843137256,89,0
784,Benchmark End-To-End Systems,4,Kelli Reyes,7,37.8,125,154,81.16883116883116,66,1
785,Drive Leading-Edge Infrastructures,19,Robert Horn,14,29.2,77,125,61.6,62,1
786,Incubate Rich Relationships,8,Jessica Brown,7,29.6,138,164,84.14634146341463,95,1
787,Re-Intermediate Leading-Edge Relationships,55,Lindsey Quinn,10,59.6,191,277,68.95306859205776,68,1
788,Evolve End-To-End Functionalities,28,Regina Davis,11,36.2,90,128,70.3125,62,0
789,Reinvent Bricks-And-Clicks Deliverables,27,Dustin Lang,4,23.0,126,202,62.37623762376238,64,1
790,E-Enable Robust Infrastructures,4,Kristin Kane,3,34.0,143,223,64.12556053811659,80,1
791,Facilitate Customized E-Markets,3,Nicole Moore,14,52.6,175,220,79.54545454545455,97,1
792,Iterate Granular Eyeballs,23,Mark Patton,8,38.8,167,182,91.75824175824175,64,0
793,Matrix Vertical Content,2,Ian Fox,4,30.4,137,195,70.25641025641025,89,1
794,Extend Enterprise Niches,25,Juan Herrera,11,30.4,59,110,53.63636363636364,66,1
795,Exploit Frictionless Markets,21,Laura Walls,4,24.4,31,36,86.11111111111111,60,0
796,Drive End-To-End Metrics,53,Tanya Rodgers,11,56.2,39,129,30.23255813953488,78,1
797,Integrate Mission-Critical E-Tailers,40,Janet Clark,11,36.6,73,125,58.4,95,1
798,Redefine Robust Eyeballs,50,Tiffany Gentry,9,26.4,98,132,74.24242424242425,72,0
799,Innovate Leading-Edge E-Business,14,Andrea Petersen,12,44.6,95,186,51.075268817204304,73,1
800,Synergize Impactful E-Business,23,Charles Norris,5,40.6,106,192,55.208333333333336,87,1
801,Matrix Sticky Users,7,Dr. Kim White,8,36.2,36,42,85.71428571428571,85,0
802,Embrace Cutting-Edge Channels,46,Stephen Calhoun,8,35.6,52,114,45.614035087719294,96,1
803,Transform Customized Action-Items,7,Thomas Osborne,11,19.8,107,199,53.768844221105525,98,1
804,Synthesize Web-Enabled Info-Mediaries,53,Maurice Smith,9,18.6,94,135,69.62962962962963,86,1
805,Re-Intermediate B2C Deliverables,43,Christina Wade,9,51.8,68,158,43.037974683544306,81,1
806,Aggregate Robust Vortals,23,Monica Anderson,5,49.0,20,28,71.42857142857143,66,0
807,Reinvent Best-Of-Breed E-Business,38,Melissa Le,13,43.2,110,196,56.12244897959183,79,1
808,Drive Scalable Infrastructures,16,Kevin Higgins,13,41.4,107,171,62.57309941520468,83,1
809,Repurpose Magnetic Methodologies,57,Ronald Fleming,12,58.6,97,119,81.5126050420168,64,0
810,Extend Cross-Media E-Markets,52,Carlos Oconnor,4,19.4,22,96,22.916666666666664,84,1
811,Deliver Turn-Key Solutions,54,Megan Pierce,4,34.2,125,174,71.83908045977012,80,0
812,Whiteboard Dynamic Action-Items,33,Michael Franklin,4,35.4,150,174,86.20689655172413,95,1
813,Disintermediate B2B Solutions,13,Jessica Heath,13,34.0,20,111,18.01801801801802,86,1
814,Repurpose Global Info-Mediaries,5,Spencer Dominguez,6,31.0,32,67,47.76119402985074,97,1
815,Architect Collaborative Initiatives,2,David Ellis,4,15.6,117,142,82.3943661971831,81,1
816,Benchmark Cross-Platform Mindshare,42,Mark Smith,9,33.6,130,181,71.8232044198895,79,0
817,Enable Enterprise Solutions,4,Pamela Rubio,5,23.8,152,157,96.81528662420382,62,1
818,Aggregate Cutting-Edge Communities,32,Sherri Kim,12,30.0,185,244,75.81967213114754,64,0
819,Seize 24/7 Eyeballs,59,Christine Valdez,12,62.6,121,195,62.05128205128205,66,1
820,E-Enable User-Centric Technologies,27,Richard Coleman,8,41.0,37,68,54.41176470588235,76,1
821,Implement Real-Time Relationships,33,Ashley Gaines,4,54.0,21,23,91.30434782608695,60,0
822,Transition Cutting-Edge Web-Readiness,12,Anne Sullivan,8,21.6,149,192,77.60416666666666,80,0
823,Utilize Granular Schemas,43,Gabriel Andrews,3,52.2,40,57,70.17543859649122,99,1
824,Mesh Bricks-And-Clicks Functionalities,2,Melanie Stevens,14,58.4,106,126,84.12698412698413,83,1
825,Architect Integrated Infrastructures,7,Jaime Cummings,14,65.2,141,194,72.68041237113401,86,0
826,Strategize Customized Functionalities,48,Cody Garrison,5,45.4,58,113,51.32743362831859,76,1
827,Deploy Cutting-Edge Methodologies,26,Hannah Brown,7,18.8,45,134,33.582089552238806,98,1
828,Utilize Frictionless E-Services,54,Timothy Williams,13,33.4,144,150,96.0,88,0
829,Aggregate Integrated Eyeballs,36,Christine Gonzalez,6,30.6,83,169,49.112426035502956,70,1
830,Matrix Next-Generation Web-Readiness,34,Bruce Hutchinson,5,19.2,37,49,75.51020408163265,98,1
831,Enhance Strategic Supply-Chains,59,Alexander Cooper,14,31.2,61,155,39.35483870967742,71,1
832,Harness One-To-One Portals,26,Dana Brooks,9,23.6,105,166,63.25301204819277,67,1
833,Exploit Innovative Functionalities,42,Alexander Williams,7,55.4,34,50,68.0,66,1
834,Brand Extensible Schemas,49,Daniel Stevenson,5,40.0,68,74,91.8918918918919,89,0
835,Morph Cross-Media Interfaces,21,Lonnie Burnett,9,28.8,132,197,67.00507614213198,68,1
836,Deliver Value-Added Infrastructures,8,Chelsea Crawford,7,36.2,83,166,50.0,96,1
837,Orchestrate Seamless Niches,14,Devon Miller,5,41.8,111,114,97.36842105263158,83,0
838,Incentivize Holistic Content,54,Gina Jimenez,5,37.6,170,263,64.63878326996198,60,1
839,Synergize Efficient Roi,5,Teresa Marquez,7,21.8,133,199,66.83417085427136,84,1
840,Engineer Value-Added Mindshare,30,Robert Anderson,4,51.8,28,30,93.33333333333333,74,0
841,Revolutionize Interactive Markets,20,Jason Ramsey,7,39.0,197,230,85.65217391304348,90,0
842,Synthesize Holistic Methodologies,50,Courtney Cox,14,40.4,132,230,57.391304347826086,91,1
843,Aggregate Interactive Technologies,12,Mr. Steven Alexander,12,26.8,24,96,25.0,66,1
844,Target Front-End Synergies,12,Taylor Taylor,13,16.6,185,207,89.3719806763285,90,0
845,Incentivize Visionary E-Commerce,8,Taylor Sherman,3,48.6,106,195,54.35897435897436,90,1
846,Architect E-Business Networks,41,Carla Lowe,7,29.6,105,176,59.65909090909091,89,1
847,Integrate Cross-Media Niches,42,Jaime Jones,5,41.2,192,269,71.37546468401487,90,0
848,Integrate Innovative Solutions,22,Lauren Moore,10,58.8,106,157,67.51592356687898,66,1
849,Strategize Back-End Initiatives,41,Benjamin Bradley,13,22.2,83,138,60.14492753623188,94,1
850,Revolutionize Dynamic Schemas,45,Michael Miles,12,23.0,52,99,52.52525252525253,67,1
851,Orchestrate Innovative Eyeballs,33,Harry Stewart,6,41.6,64,127,50.39370078740157,66,1
852,Cultivate Best-Of-Breed Solutions,3,Robert Berry,8,30.4,72,120,60.0,86,1
853,Enable Sticky E-Markets,49,Jessica Evans,8,49.4,185,221,83.710407239819,95,1
854,Incentivize Bricks-And-Clicks Partnerships,46,Katelyn Thomas,11,19.6,89,115,77.39130434782608,82,0
855,Scale Cross-Media Portals,29,Paul Roberts,7,25.0,145,220,65.9090909090909,85,1
856,Drive One-To-One Web Services,51,Isabel Williams,5,33.6,87,88,98.86363636363636,89,0
857,Seize 24/7 Initiatives,19,Rachel Russell,5,44.4,28,66,42.42424242424242,82,1
858,Architect Ubiquitous Action-Items,11,Dr. Cassandra Marshall,12,59.2,177,260,68.07692307692308,74,1
859,Envisioneer Leading-Edge Schemas,6,Angela Baker,13,25.2,185,206,89.80582524271846,72,0
860,Leverage Real-Time Eyeballs,26,Jennifer Allen,12,43.8,107,187,57.21925133689839,98,1
861,Transition E-Business E-Markets,12,Jacqueline Cohen,8,21.4,148,183,80.87431693989072,99,1
862,Transform Front-End Niches,13,Victoria Eaton,7,20.8,199,239,83.26359832635984,94,1
863,Monetize Distributed Networks,8,Stephanie Marks,7,46.0,81,157,51.59235668789809,96,1
864,Redefine Granular Users,50,Brian Contreras,3,47.2,27,67,40.298507462686565,81,1
865,Synergize Global E-Commerce,10,Bryan King II,14,31.6,38,98,38.775510204081634,92,1
866,Matrix Clicks-And-Mortar Markets,13,Evelyn Smith,11,37.0,162,167,97.0059880239521,90,0
867,E-Enable Leading-Edge Users,20,Trevor Hanson,11,40.2,161,192,83.85416666666666,92,1
868,Re-Intermediate Dynamic Users,42,Mitchell Davis,12,18.2,25,89,28.08988764044944,78,1
869,Implement User-Centric Models,37,Elizabeth Baker,4,19.4,52,99,52.52525252525253,78,1
870,Productize Frictionless Synergies,47,Cynthia Howell,5,20.2,77,107,71.96261682242991,69,0
871,Harness B2C Vortals,50,Bonnie Meyer,9,35.8,34,67,50.74626865671642,69,1
872,Repurpose Next-Generation Models,15,Kayla Coleman,10,16.0,70,159,44.0251572327044,96,1
873,Productize Front-End Web Services,31,Amy Lucas,14,43.4,30,59,50.847457627118644,98,1
874,Transition Customized Content,12,Cindy Stephens,8,51.0,91,125,72.8,71,0
875,Integrate Front-End Convergence,11,Victor Watson,10,45.6,57,124,45.96774193548387,65,1
876,Empower User-Centric Channels,13,Michael Grimes,12,21.6,40,92,43.47826086956522,91,1
877,Repurpose Mission-Critical Synergies,23,Christopher Simpson,8,51.0,182,233,78.11158798283262,93,1
878,Re-Contextualize Wireless Vortals,18,Craig Brown,12,37.8,86,129,66.66666666666666,86,1
879,Optimize Ubiquitous E-Commerce,24,Jeremy Davis,8,35.6,175,218,80.27522935779817,63,0
880,Streamline Mission-Critical Applications,53,Brian Alvarado,4,27.6,197,232,84.91379310344827,80,0
881,Generate Ubiquitous Channels,32,Jennifer Butler DDS,4,55.2,106,199,53.266331658291456,62,1
882,Target Extensible Relationships,53,Tina Pittman,4,37.2,72,118,61.016949152542374,96,1
883,Expedite Rich Vortals,12,Andrew Jackson,3,17.0,112,138,81.15942028985508,92,1
884,Re-Contextualize Plug-And-Play Web Services,52,Keith Lewis,3,47.0,113,169,66.86390532544378,97,1
885,Deploy Open-Source Web Services,17,Melissa Zimmerman,4,58.8,145,243,59.67078189300411,84,1
886,Disintermediate Proactive Systems,13,Bryan Gregory,10,24.4,190,257,73.92996108949417,62,0
887,Re-Intermediate Innovative Portals,26,Calvin Gibson,10,44.2,64,121,52.892561983471076,82,1
888,Transition Visionary Supply-Chains,56,Victoria Russell,7,37.4,152,163,93.25153374233128,79,0
889,Aggregate Virtual Bandwidth,42,Jesus Diaz,14,34.4,176,243,72.42798353909465,85,0
890,Harness Bricks-And-Clicks Applications,3,Jasmine Frye,13,36.2,100,103,97.0873786407767,82,1
891,Matrix Sticky Niches,36,Christopher Powers,11,58.4,180,186,96.7741935483871,90,0
892,Visualize Sticky Markets,31,Martin Murray,3,57.6,170,217,78.3410138248848,94,1
893,Envisioneer Rich E-Services,40,James Hays,7,41.0,87,138,63.04347826086957,65,1
894,Exploit Cross-Media Methodologies,9,Michael Phillips,10,56.4,174,251,69.32270916334662,61,1
895,Scale Open-Source Infrastructures,27,Angel Long,10,41.4,23,103,22.330097087378643,73,1
896,Synthesize Next-Generation Technologies,52,Sherry Williams,4,32.0,94,190,49.473684210526315,65,1
897,Synergize Cutting-Edge E-Services,40,Corey Stuart,14,28.0,105,123,85.36585365853658,80,0
898,Envisioneer 24/365 Relationships,19,Peggy Kim,3,11.8,46,56,82.14285714285714,83,0
899,Streamline Mission-Critical Metrics,29,Jordan Dunn,12,63.2,116,131,88.54961832061069,62,0
900,Incentivize Ubiquitous Methodologies,39,Kimberly Salazar,8,20.4,179,270,66.2962962962963,88,1
901,Maximize Intuitive Paradigms,44,Stacy Suarez,9,53.2,117,198,59.09090909090909,77,1
902,Innovate Granular Solutions,8,David Le,9,23.8,99,179,55.3072625698324,65,1
903,Syndicate Enterprise Partnerships,29,Stacey Price,9,53.0,112,158,70.88607594936708,69,0
904,Engineer Global Schemas,42,Ronald Hughes,14,36.0,35,116,30.17241379310345,74,1
905,Revolutionize Magnetic Interfaces,36,Brian Ortega,13,42.4,175,192,91.14583333333334,68,0
906,Engineer Cross-Media Paradigms,49,Julie Ross,11,32.8,34,112,30.357142857142854,96,1
907,Generate Rich Portals,49,David Johnson,10,48.8,80,166,48.19277108433735,69,1
908,Re-Contextualize Impactful Vortals,47,Anthony Cunningham,3,34.4,182,210,86.66666666666667,90,0
909,Deploy Bleeding-Edge Methodologies,19,Richard Payne,9,43.8,47,61,77.04918032786885,81,0
910,Cultivate Synergistic Vortals,8,Angel Mcdonald,4,33.8,35,118,29.66101694915254,83,1
911,Re-Intermediate Out-Of-The-Box Markets,3,John Tyler,6,59.8,144,167,86.22754491017965,72,1
912,Empower Best-Of-Breed Infrastructures,32,Jordan James,8,30.8,115,213,53.990610328638496,74,1
913,Re-Intermediate Best-Of-Breed Communities,14,Gregory King,12,49.6,95,116,81.89655172413794,85,0
914,Empower Revolutionary Schemas,45,Hector Jacobson MD,13,34.4,123,130,94.61538461538461,78,0
915,Re-Intermediate Holistic Web-Readiness,28,Becky Liu,8,47.2,82,122,67.21311475409836,86,1
916,E-Enable Wireless Paradigms,19,Eric Harris,12,45.6,29,42,69.04761904761905,93,1
917,E-Enable Open-Source Methodologies,57,Benjamin Moss,7,35.4,106,165,64.24242424242425,98,1
918,Leverage Customized E-Markets,23,Melissa Parker,5,24.4,171,265,64.52830188679245,85,1
919,Mesh Cross-Media Solutions,1,Tracey Huffman,11,28.0,61,86,70.93023255813954,61,1
920,Extend Clicks-And-Mortar Web-Readiness,58,Lisa Frank,14,26.0,71,148,47.97297297297297,62,1
921,Morph Scalable Relationships,12,Joshua Phillips,12,41.8,27,74,36.486486486486484,70,1
922,Innovate Best-Of-Breed Models,29,Joshua Garcia,3,35.8,121,186,65.05376344086021,64,1
923,Deliver Bleeding-Edge Networks,33,Kimberly Clark,13,50.4,21,64,32.8125,92,1
924,Enhance Out-Of-The-Box Content,18,Michael Castro,4,33.0,79,95,83.15789473684211,81,0
925,Seize Magnetic Vortals,31,Andrew Wolfe,14,48.4,163,187,87.16577540106952,78,0
926,Repurpose B2C Networks,34,Jared Murray,9,59.4,190,226,84.070796460177,97,1
927,Unleash Bleeding-Edge Infrastructures,26,Regina Watts,13,20.6,114,115,99.1304347826087,99,1
928,Unleash Best-Of-Breed Deliverables,9,William Osborne,14,21.6,178,230,77.39130434782608,87,0
929,Drive Back-End Action-Items,28,Rebecca Singleton,11,52.6,87,110,79.0909090909091,68,0
930,Deliver Back-End Users,49,Suzanne Garner,10,53.2,37,89,41.57303370786517,65,1
931,Envisioneer Rich E-Services,16,Kimberly Thomas,10,46.4,50,53,94.33962264150944,60,0
932,Evolve Bricks-And-Clicks Deliverables,47,Nancy Shaw,11,15.8,150,191,78.53403141361257,93,1
933,Engineer Ubiquitous Initiatives,17,Timothy Gonzalez,7,25.6,170,226,75.22123893805309,69,0
934,Disintermediate Impactful Relationships,51,Samuel Ellis,3,48.4,78,122,63.934426229508205,94,1
935,Revolutionize Bleeding-Edge Eyeballs,2,Cindy Wang,7,35.0,38,97,39.175257731958766,92,1
936,Architect Leading-Edge Partnerships,44,Luis Watson,8,56.8,45,61,73.77049180327869,61,0
937,Unleash Customized Communities,16,Rebecca Hall,8,53.2,199,282,70.56737588652481,75,0
938,Extend End-To-End Architectures,9,Anthony Phillips,8,39.4,28,56,50.0,77,1
939,Unleash Virtual E-Tailers,16,Casey Higgins,9,28.8,186,248,75.0,92,1
940,Deploy User-Centric Schemas,47,Christine Reynolds,9,25.8,166,179,92.73743016759776,62,0
941,Mesh Rich Applications,27,David Rodriguez,9,58.2,104,120,86.66666666666667,68,0
942,Architect 24/365 Paradigms,51,Christopher Harris,10,59.8,78,121,64.46280991735537,87,1
943,Deploy Back-End Markets,9,Cory Lambert,10,53.0,116,199,58.291457286432156,63,1
944,Whiteboard Granular Methodologies,40,Jason Brown,8,21.0,66,136,48.529411764705884,86,1
945,Target Ubiquitous Content,29,Heather Rodriguez,11,35.8,101,163,61.963190184049076,63,1
946,Transform Wireless Paradigms,2,Phillip Ruiz,9,54.0,140,182,76.92307692307693,92,1
947,Redefine End-To-End Partnerships,29,Susan Fernandez,13,42.2,188,234,80.34188034188034,81,0
948,Transition One-To-One Initiatives,37,Michael Johnson,5,30.6,65,131,49.61832061068702,63,1
949,Seize Synergistic Models,26,Deborah Franklin,11,38.6,31,111,27.927927927927925,72,1
950,Enable Frictionless Roi,57,Caitlin Williams,14,38.2,85,137,62.04379562043796,79,1
951,Deliver Cross-Platform Deliverables,12,Mark Huff,11,52.2,154,217,70.96774193548387,76,0
952,Engage Dot-Com E-Business,41,Lindsey Gould,3,36.6,48,142,33.80281690140845,83,1
953,Orchestrate Enterprise Eyeballs,24,Michaela Robinson,3,41.4,172,228,75.43859649122807,84,0
954,Enable Back-End Synergies,14,Michael Fisher,11,55.4,86,124,69.35483870967742,63,1
955,Aggregate B2B Schemas,53,William Barrett,5,44.0,101,141,71.63120567375887,60,0
956,Engage Dynamic Networks,39,Sandy Bauer,10,28.0,173,241,71.78423236514523,86,0
957,Architect Value-Added Infrastructures,30,Megan Mckenzie,6,29.0,168,171,98.24561403508771,97,1
958,Incentivize Revolutionary E-Commerce,58,David Smith,10,49.2,190,227,83.70044052863436,66,0
959,Cultivate Best-Of-Breed Vortals,11,Nancy Rodriguez,3,60.2,71,110,64.54545454545455,75,1
960,Incentivize Visionary Schemas,37,James Suarez,11,60.4,141,232,60.775862068965516,71,1
961,Morph Front-End Applications,40,Jennifer Wells,10,20.8,183,197,92.89340101522842,83,0
962,Strategize Cross-Platform Systems,58,Heather Welch,3,41.8,163,255,63.921568627450974,90,1
963,Extend Efficient E-Markets,38,Lori Wade,5,53.0,129,134,96.26865671641791,72,0
964,Exploit Magnetic Supply-Chains,20,Molly Brown,5,53.8,96,154,62.33766233766234,87,1
965,Benchmark Web-Enabled Deliverables,24,Angela Moreno,6,46.6,23,97,23.711340206185564,69,1
966,Transition 24/7 Supply-Chains,20,Michael Evans,6,52.4,133,205,64.8780487804878,66,1
967,Drive Innovative Portals,7,Katherine Bailey,9,32.0,118,166,71.08433734939759,99,1
968,Iterate Robust Info-Mediaries,44,Jose Wood,13,27.4,31,84,36.904761904761905,64,1
969,Whiteboard Bleeding-Edge Methodologies,8,Kimberly Neal,3,24.4,165,217,76.036866359447,89,0
970,Drive Customized E-Tailers,6,Meagan Ingram,14,21.0,28,105,26.666666666666668,92,1
971,Reinvent Customized E-Services,24,Carmen Roberts,13,60.0,86,160,53.75,88,1
972,Transition Impactful Paradigms,28,Lauren Johnson,6,47.0,178,211,84.36018957345972,99,1
973,Scale 24/7 Metrics,4,Mackenzie Meza,6,47.2,170,170,100.0,96,1
974,Enhance Collaborative Markets,24,Mr. Bryan Murray,6,49.6,157,235,66.80851063829788,87,1
975,Mesh Value-Added Initiatives,7,Gary Hernandez MD,7,42.6,151,167,90.41916167664671,87,0
976,Incubate End-To-End Relationships,51,Laura Miller,4,46.6,173,188,92.02127659574468,71,0
977,Productize Front-End Info-Mediaries,59,Lisa Brewer,5,54.4,125,210,59.523809523809526,85,1
978,Morph Vertical Channels,31,David Harris,11,31.8,136,156,87.17948717948718,89,0
979,Aggregate Interactive Portals,44,Joseph Phillips,11,52.2,153,207,73.91304347826086,90,0
980,Scale End-To-End Networks,50,Jose Lopez,13,50.8,193,213,90.61032863849765,89,0
981,Redefine Compelling Platforms,19,Allison Peterson,14,37.4,36,101,35.64356435643564,83,1
982,Drive Plug-And-Play Functionalities,39,Jessica Cohen DDS,4,44.0,56,150,37.333333333333336,79,1
983,Morph Collaborative Roi,52,Matthew White,12,48.6,114,157,72.61146496815286,63,0
984,Morph Plug-And-Play Content,22,Emily Waters,11,36.0,159,241,65.97510373443983,90,1
985,Facilitate Clicks-And-Mortar Platforms,35,Gregory Ali,9,58.6,119,141,84.39716312056737,73,0
986,Revolutionize Innovative Eyeballs,2,Glenda Adams,9,28.8,105,112,93.75,87,1
987,Orchestrate Cross-Media Communities,7,Kelly Turner,12,39.0,109,171,63.74269005847953,63,1
988,Optimize Innovative Markets,6,Curtis Rodriguez,12,32.4,149,149,100.0,88,0
989,Maximize Vertical Platforms,36,Amanda Jackson,8,45.4,105,180,58.333333333333336,85,1
990,Innovate Dot-Com Niches,35,Gordon Drake,6,47.0,169,188,89.8936170212766,74,0
991,Disintermediate Rich Vortals,8,Kathy Moore,13,38.6,164,170,96.47058823529412,71,0
992,Incentivize Leading-Edge E-Tailers,14,Brian Wiley,11,52.4,109,109,100.0,94,1
993,Deliver Cutting-Edge Bandwidth,49,Omar King,9,22.2,101,187,54.01069518716578,77,1
994,Exploit Open-Source Roi,26,Tammy Doyle,11,50.6,186,236,78.8135593220339,72,0
995,Seize Holistic Deliverables,43,Leon Adams,4,43.0,20,74,27.027027027027028,84,1
996,Syndicate Intuitive Roi,35,Brett Johnson,8,39.0,190,272,69.85294117647058,68,1
997,Transition Plug-And-Play Technologies,18,Kevin Brown,14,36.0,113,131,86.25954198473282,80,0
998,Unleash Viral Deliverables,37,Jeanne Taylor,3,55.6,126,206,61.165048543689316,74,1
999,Integrate Extensible Eyeballs,52,Brian Moses,5,39.0,119,171,69.5906432748538,62,1
1000,Target Wireless Schemas,19,Thomas Jones,10,31.2,88,122,72.1311475409836,99,1
