project_id,sprint_id,velocity
1,1,61
1,2,55
1,3,64
1,4,56
1,5,32
2,1,51
2,2,57
2,3,61
2,4,51
2,5,77
3,1,37
3,2,29
3,3,27
3,4,56
3,5,28
4,1,26
4,2,32
4,3,29
4,4,33
4,5,30
5,1,59
5,2,61
5,3,49
5,4,63
5,5,64
6,1,56
6,2,42
6,3,55
6,4,46
6,5,40
7,1,41
7,2,63
7,3,73
7,4,29
7,5,55
8,1,56
8,2,58
8,3,57
8,4,67
8,5,58
9,1,39
9,2,32
9,3,36
9,4,26
9,5,30
10,1,46
10,2,46
10,3,28
10,4,13
10,5,44
11,1,43
11,2,5
11,3,20
11,4,32
11,5,19
12,1,45
12,2,38
12,3,47
12,4,51
12,5,61
13,1,42
13,2,40
13,3,40
13,4,34
13,5,44
14,1,36
14,2,59
14,3,45
14,4,49
14,5,37
15,1,39
15,2,42
15,3,27
15,4,33
15,5,27
16,1,31
16,2,39
16,3,56
16,4,55
16,5,34
17,1,20
17,2,32
17,3,23
17,4,15
17,5,37
18,1,53
18,2,41
18,3,43
18,4,56
18,5,74
19,1,38
19,2,50
19,3,52
19,4,33
19,5,46
20,1,67
20,2,50
20,3,57
20,4,47
20,5,53
21,1,16
21,2,21
21,3,11
21,4,12
21,5,17
22,1,9
22,2,30
22,3,11
22,4,17
22,5,29
23,1,55
23,2,45
23,3,63
23,4,57
23,5,62
24,1,44
24,2,45
24,3,53
24,4,73
24,5,71
25,1,22
25,2,15
25,3,30
25,4,30
25,5,16
26,1,29
26,2,5
26,3,23
26,4,14
26,5,32
27,1,42
27,2,49
27,3,66
27,4,71
27,5,64
28,1,57
28,2,45
28,3,39
28,4,48
28,5,62
29,1,5
29,2,46
29,3,23
29,4,45
29,5,14
30,1,31
30,2,20
30,3,20
30,4,40
30,5,45
31,1,16
31,2,16
31,3,18
31,4,12
31,5,12
32,1,31
32,2,34
32,3,55
32,4,39
32,5,43
33,1,19
33,2,32
33,3,31
33,4,26
33,5,17
34,1,24
34,2,25
34,3,27
34,4,37
34,5,30
35,1,42
35,2,49
35,3,50
35,4,69
35,5,49
36,1,60
36,2,58
36,3,65
36,4,51
36,5,46
37,1,57
37,2,42
37,3,34
37,4,33
37,5,38
38,1,44
38,2,62
38,3,47
38,4,51
38,5,62
39,1,23
39,2,41
39,3,61
39,4,35
39,5,47
40,1,40
40,2,37
40,3,30
40,4,49
40,5,47
41,1,32
41,2,64
41,3,38
41,4,56
41,5,27
42,1,24
42,2,26
42,3,20
42,4,34
42,5,23
43,1,32
43,2,42
43,3,40
43,4,58
43,5,41
44,1,26
44,2,51
44,3,64
44,4,48
44,5,51
45,1,50
45,2,62
45,3,58
45,4,49
45,5,61
46,1,54
46,2,59
46,3,42
46,4,51
46,5,65
47,1,41
47,2,36
47,3,39
47,4,39
47,5,39
48,1,41
48,2,44
48,3,36
48,4,36
48,5,39
49,1,42
49,2,46
49,3,26
49,4,42
49,5,42
50,1,25
50,2,59
50,3,32
50,4,26
50,5,59
51,1,46
51,2,51
51,3,60
51,4,45
51,5,34
52,1,47
52,2,33
52,3,41
52,4,39
52,5,46
53,1,41
53,2,69
53,3,59
53,4,50
53,5,47
54,1,39
54,2,37
54,3,55
54,4,25
54,5,49
55,1,36
55,2,23
55,3,38
55,4,16
55,5,32
56,1,38
56,2,26
56,3,40
56,4,42
56,5,36
57,1,20
57,2,18
57,3,20
57,4,17
57,5,36
58,1,43
58,2,48
58,3,60
58,4,29
58,5,26
59,1,42
59,2,38
59,3,41
59,4,28
59,5,25
60,1,43
60,2,39
60,3,36
60,4,50
60,5,70
61,1,29
61,2,32
61,3,12
61,4,15
61,5,24
62,1,43
62,2,37
62,3,49
62,4,64
62,5,65
63,1,28
63,2,37
63,3,49
63,4,15
63,5,33
64,1,54
64,2,57
64,3,37
64,4,38
64,5,66
65,1,28
65,2,31
65,3,47
65,4,27
65,5,29
66,1,47
66,2,33
66,3,25
66,4,36
66,5,33
67,1,27
67,2,32
67,3,36
67,4,24
67,5,43
68,1,22
68,2,5
68,3,29
68,4,33
68,5,5
69,1,50
69,2,16
69,3,32
69,4,36
69,5,26
70,1,15
70,2,33
70,3,24
70,4,21
70,5,33
71,1,36
71,2,41
71,3,43
71,4,39
71,5,31
72,1,27
72,2,33
72,3,57
72,4,44
72,5,31
73,1,42
73,2,44
73,3,24
73,4,8
73,5,48
74,1,53
74,2,76
74,3,39
74,4,66
74,5,46
75,1,42
75,2,31
75,3,49
75,4,33
75,5,29
76,1,33
76,2,29
76,3,28
76,4,18
76,5,26
77,1,27
77,2,41
77,3,61
77,4,27
77,5,41
78,1,52
78,2,47
78,3,49
78,4,25
78,5,62
79,1,30
79,2,37
79,3,18
79,4,39
79,5,23
80,1,5
80,2,17
80,3,31
80,4,31
80,5,35
81,1,49
81,2,8
81,3,38
81,4,38
81,5,29
82,1,38
82,2,25
82,3,24
82,4,29
82,5,56
83,1,35
83,2,62
83,3,49
83,4,65
83,5,53
84,1,44
84,2,40
84,3,23
84,4,39
84,5,46
85,1,49
85,2,48
85,3,34
85,4,51
85,5,43
86,1,34
86,2,42
86,3,48
86,4,42
86,5,28
87,1,44
87,2,26
87,3,21
87,4,33
87,5,33
88,1,18
88,2,5
88,3,22
88,4,17
88,5,50
89,1,5
89,2,21
89,3,20
89,4,33
89,5,34
90,1,41
90,2,19
90,3,38
90,4,41
90,5,30
91,1,24
91,2,33
91,3,36
91,4,36
91,5,18
92,1,44
92,2,40
92,3,20
92,4,31
92,5,45
93,1,30
93,2,23
93,3,48
93,4,27
93,5,21
94,1,46
94,2,44
94,3,39
94,4,37
94,5,62
95,1,53
95,2,65
95,3,39
95,4,54
95,5,58
96,1,62
96,2,57
96,3,51
96,4,55
96,5,57
97,1,18
97,2,17
97,3,14
97,4,5
97,5,38
98,1,48
98,2,57
98,3,51
98,4,45
98,5,46
99,1,14
99,2,22
99,3,13
99,4,16
99,5,31
100,1,41
100,2,47
100,3,44
100,4,39
100,5,51
101,1,37
101,2,42
101,3,32
101,4,32
101,5,27
102,1,48
102,2,51
102,3,57
102,4,60
102,5,35
103,1,36
103,2,37
103,3,30
103,4,22
103,5,25
104,1,19
104,2,37
104,3,43
104,4,26
104,5,31
105,1,56
105,2,44
105,3,56
105,4,64
105,5,71
106,1,46
106,2,38
106,3,50
106,4,45
106,5,52
107,1,35
107,2,16
107,3,13
107,4,35
107,5,20
108,1,27
108,2,17
108,3,22
108,4,28
108,5,24
109,1,30
109,2,5
109,3,8
109,4,7
109,5,12
110,1,41
110,2,17
110,3,13
110,4,26
110,5,36
111,1,36
111,2,54
111,3,29
111,4,50
111,5,40
112,1,53
112,2,59
112,3,47
112,4,32
112,5,26
113,1,28
113,2,28
113,3,39
113,4,32
113,5,31
114,1,40
114,2,56
114,3,49
114,4,28
114,5,65
115,1,68
115,2,59
115,3,56
115,4,43
115,5,38
116,1,49
116,2,59
116,3,54
116,4,43
116,5,50
117,1,65
117,2,60
117,3,64
117,4,71
117,5,67
118,1,32
118,2,53
118,3,55
118,4,43
118,5,41
119,1,43
119,2,64
119,3,45
119,4,45
119,5,43
120,1,30
120,2,25
120,3,5
120,4,14
120,5,23
121,1,29
121,2,41
121,3,37
121,4,38
121,5,59
122,1,36
122,2,38
122,3,56
122,4,47
122,5,61
123,1,41
123,2,34
123,3,33
123,4,38
123,5,30
124,1,48
124,2,33
124,3,47
124,4,66
124,5,65
125,1,33
125,2,29
125,3,41
125,4,33
125,5,39
126,1,23
126,2,29
126,3,48
126,4,39
126,5,35
127,1,50
127,2,54
127,3,63
127,4,55
127,5,59
128,1,23
128,2,36
128,3,44
128,4,44
128,5,46
129,1,37
129,2,40
129,3,38
129,4,49
129,5,57
130,1,43
130,2,26
130,3,40
130,4,53
130,5,44
131,1,10
131,2,30
131,3,13
131,4,23
131,5,28
132,1,57
132,2,51
132,3,46
132,4,65
132,5,54
133,1,51
133,2,44
133,3,31
133,4,38
133,5,30
134,1,31
134,2,45
134,3,21
134,4,51
134,5,30
135,1,36
135,2,27
135,3,8
135,4,35
135,5,32
136,1,31
136,2,79
136,3,67
136,4,57
136,5,43
137,1,47
137,2,45
137,3,47
137,4,46
137,5,61
138,1,42
138,2,39
138,3,37
138,4,56
138,5,51
139,1,21
139,2,50
139,3,19
139,4,25
139,5,34
140,1,52
140,2,56
140,3,41
140,4,35
140,5,65
141,1,20
141,2,24
141,3,40
141,4,28
141,5,34
142,1,31
142,2,22
142,3,25
142,4,12
142,5,27
143,1,27
143,2,14
143,3,33
143,4,24
143,5,29
144,1,37
144,2,54
144,3,48
144,4,33
144,5,32
145,1,60
145,2,61
145,3,43
145,4,50
145,5,40
146,1,53
146,2,48
146,3,64
146,4,50
146,5,54
147,1,5
147,2,39
147,3,28
147,4,23
147,5,36
148,1,32
148,2,44
148,3,51
148,4,53
148,5,34
149,1,77
149,2,43
149,3,45
149,4,30
149,5,42
150,1,38
150,2,57
150,3,47
150,4,19
150,5,28
151,1,38
151,2,33
151,3,43
151,4,61
151,5,49
152,1,24
152,2,26
152,3,31
152,4,5
152,5,22
153,1,23
153,2,32
153,3,48
153,4,47
153,5,24
154,1,65
154,2,38
154,3,60
154,4,55
154,5,46
155,1,31
155,2,38
155,3,15
155,4,15
155,5,31
156,1,41
156,2,52
156,3,48
156,4,58
156,5,53
157,1,56
157,2,33
157,3,59
157,4,61
157,5,52
158,1,25
158,2,26
158,3,17
158,4,31
158,5,33
159,1,49
159,2,41
159,3,40
159,4,35
159,5,40
160,1,50
160,2,48
160,3,38
160,4,68
160,5,42
161,1,11
161,2,10
161,3,19
161,4,28
161,5,25
162,1,42
162,2,40
162,3,58
162,4,41
162,5,38
163,1,16
163,2,6
163,3,27
163,4,6
163,5,26
164,1,32
164,2,40
164,3,40
164,4,36
164,5,18
165,1,33
165,2,31
165,3,48
165,4,27
165,5,24
166,1,42
166,2,36
166,3,41
166,4,44
166,5,55
167,1,49
167,2,38
167,3,33
167,4,22
167,5,25
168,1,21
168,2,33
168,3,25
168,4,28
168,5,22
169,1,22
169,2,24
169,3,29
169,4,53
169,5,28
170,1,41
170,2,49
170,3,31
170,4,25
170,5,31
171,1,14
171,2,28
171,3,32
171,4,30
171,5,52
172,1,19
172,2,29
172,3,8
172,4,15
172,5,41
173,1,16
173,2,28
173,3,40
173,4,11
173,5,25
174,1,23
174,2,46
174,3,35
174,4,54
174,5,40
175,1,87
175,2,41
175,3,50
175,4,45
175,5,51
176,1,21
176,2,34
176,3,35
176,4,13
176,5,46
177,1,41
177,2,50
177,3,45
177,4,47
177,5,51
178,1,23
178,2,35
178,3,10
178,4,27
178,5,46
179,1,74
179,2,71
179,3,64
179,4,61
179,5,50
180,1,16
180,2,31
180,3,17
180,4,15
180,5,27
181,1,50
181,2,53
181,3,60
181,4,54
181,5,47
182,1,40
182,2,53
182,3,55
182,4,52
182,5,36
183,1,61
183,2,42
183,3,46
183,4,61
183,5,61
184,1,32
184,2,38
184,3,34
184,4,34
184,5,23
185,1,29
185,2,27
185,3,10
185,4,24
185,5,22
186,1,32
186,2,14
186,3,13
186,4,22
186,5,26
187,1,56
187,2,42
187,3,44
187,4,53
187,5,60
188,1,55
188,2,75
188,3,52
188,4,76
188,5,55
189,1,46
189,2,34
189,3,46
189,4,50
189,5,44
190,1,66
190,2,51
190,3,70
190,4,38
190,5,66
191,1,48
191,2,47
191,3,70
191,4,44
191,5,49
192,1,35
192,2,28
192,3,33
192,4,33
192,5,40
193,1,14
193,2,13
193,3,20
193,4,28
193,5,32
194,1,52
194,2,53
194,3,57
194,4,55
194,5,60
195,1,59
195,2,51
195,3,37
195,4,34
195,5,46
196,1,78
196,2,54
196,3,53
196,4,36
196,5,55
197,1,41
197,2,26
197,3,50
197,4,23
197,5,53
198,1,19
198,2,24
198,3,28
198,4,33
198,5,23
199,1,20
199,2,13
199,3,38
199,4,28
199,5,25
200,1,43
200,2,28
200,3,47
200,4,33
200,5,39
201,1,23
201,2,42
201,3,22
201,4,39
201,5,19
202,1,60
202,2,45
202,3,54
202,4,60
202,5,57
203,1,19
203,2,47
203,3,32
203,4,34
203,5,19
204,1,39
204,2,60
204,3,40
204,4,33
204,5,33
205,1,62
205,2,53
205,3,37
205,4,42
205,5,49
206,1,36
206,2,31
206,3,37
206,4,32
206,5,36
207,1,50
207,2,44
207,3,37
207,4,40
207,5,43
208,1,47
208,2,63
208,3,58
208,4,55
208,5,50
209,1,22
209,2,35
209,3,32
209,4,5
209,5,26
210,1,23
210,2,25
210,3,32
210,4,34
210,5,30
211,1,32
211,2,41
211,3,39
211,4,26
211,5,15
212,1,26
212,2,34
212,3,44
212,4,32
212,5,38
213,1,54
213,2,66
213,3,67
213,4,59
213,5,40
214,1,30
214,2,38
214,3,26
214,4,33
214,5,24
215,1,53
215,2,66
215,3,63
215,4,48
215,5,46
216,1,5
216,2,32
216,3,6
216,4,9
216,5,20
217,1,57
217,2,47
217,3,38
217,4,51
217,5,46
218,1,47
218,2,61
218,3,65
218,4,24
218,5,45
219,1,33
219,2,33
219,3,19
219,4,35
219,5,42
220,1,58
220,2,43
220,3,26
220,4,39
220,5,32
221,1,77
221,2,27
221,3,59
221,4,45
221,5,60
222,1,37
222,2,35
222,3,45
222,4,41
222,5,38
223,1,58
223,2,53
223,3,71
223,4,62
223,5,62
224,1,47
224,2,53
224,3,38
224,4,49
224,5,47
225,1,24
225,2,30
225,3,28
225,4,30
225,5,32
226,1,44
226,2,41
226,3,46
226,4,39
226,5,34
227,1,28
227,2,44
227,3,42
227,4,26
227,5,38
228,1,22
228,2,15
228,3,22
228,4,23
228,5,38
229,1,52
229,2,59
229,3,39
229,4,69
229,5,70
230,1,37
230,2,37
230,3,21
230,4,50
230,5,47
231,1,38
231,2,50
231,3,35
231,4,45
231,5,21
232,1,9
232,2,15
232,3,19
232,4,25
232,5,10
233,1,24
233,2,24
233,3,13
233,4,31
233,5,30
234,1,58
234,2,50
234,3,53
234,4,46
234,5,47
235,1,43
235,2,47
235,3,34
235,4,54
235,5,49
236,1,30
236,2,43
236,3,18
236,4,42
236,5,38
237,1,49
237,2,36
237,3,49
237,4,51
237,5,56
238,1,49
238,2,57
238,3,66
238,4,57
238,5,43
239,1,47
239,2,51
239,3,54
239,4,45
239,5,49
240,1,33
240,2,43
240,3,48
240,4,50
240,5,48
241,1,60
241,2,39
241,3,30
241,4,72
241,5,56
242,1,26
242,2,35
242,3,36
242,4,40
242,5,44
243,1,36
243,2,48
243,3,59
243,4,57
243,5,48
244,1,48
244,2,49
244,3,42
244,4,53
244,5,41
245,1,55
245,2,51
245,3,62
245,4,53
245,5,53
246,1,42
246,2,43
246,3,42
246,4,44
246,5,37
247,1,44
247,2,31
247,3,45
247,4,35
247,5,39
248,1,29
248,2,36
248,3,43
248,4,41
248,5,43
249,1,27
249,2,16
249,3,6
249,4,33
249,5,22
250,1,35
250,2,19
250,3,27
250,4,22
250,5,9
251,1,64
251,2,58
251,3,64
251,4,41
251,5,36
252,1,50
252,2,56
252,3,45
252,4,72
252,5,61
253,1,37
253,2,29
253,3,24
253,4,37
253,5,28
254,1,33
254,2,19
254,3,30
254,4,27
254,5,22
255,1,36
255,2,57
255,3,56
255,4,57
255,5,44
256,1,34
256,2,28
256,3,33
256,4,19
256,5,6
257,1,59
257,2,39
257,3,63
257,4,50
257,5,65
258,1,69
258,2,56
258,3,43
258,4,51
258,5,55
259,1,61
259,2,31
259,3,52
259,4,29
259,5,35
260,1,23
260,2,5
260,3,15
260,4,23
260,5,30
261,1,51
261,2,39
261,3,38
261,4,48
261,5,39
262,1,76
262,2,50
262,3,43
262,4,53
262,5,58
263,1,35
263,2,34
263,3,37
263,4,29
263,5,39
264,1,48
264,2,55
264,3,37
264,4,33
264,5,54
265,1,31
265,2,38
265,3,42
265,4,29
265,5,16
266,1,23
266,2,42
266,3,29
266,4,44
266,5,19
267,1,27
267,2,28
267,3,9
267,4,29
267,5,27
268,1,49
268,2,36
268,3,53
268,4,46
268,5,51
269,1,28
269,2,20
269,3,22
269,4,19
269,5,37
270,1,42
270,2,28
270,3,34
270,4,47
270,5,18
271,1,25
271,2,27
271,3,23
271,4,22
271,5,27
272,1,49
272,2,37
272,3,30
272,4,37
272,5,48
273,1,42
273,2,27
273,3,25
273,4,17
273,5,6
274,1,32
274,2,18
274,3,37
274,4,24
274,5,47
275,1,48
275,2,52
275,3,45
275,4,45
275,5,62
276,1,28
276,2,48
276,3,28
276,4,32
276,5,63
277,1,50
277,2,52
277,3,36
277,4,43
277,5,63
278,1,25
278,2,22
278,3,25
278,4,15
278,5,15
279,1,44
279,2,20
279,3,54
279,4,28
279,5,49
280,1,28
280,2,26
280,3,15
280,4,12
280,5,13
281,1,44
281,2,74
281,3,42
281,4,35
281,5,53
282,1,41
282,2,57
282,3,71
282,4,73
282,5,64
283,1,51
283,2,74
283,3,50
283,4,57
283,5,55
284,1,40
284,2,20
284,3,30
284,4,39
284,5,31
285,1,54
285,2,24
285,3,23
285,4,61
285,5,28
286,1,60
286,2,39
286,3,63
286,4,55
286,5,53
287,1,59
287,2,74
287,3,51
287,4,76
287,5,77
288,1,58
288,2,41
288,3,68
288,4,43
288,5,52
289,1,55
289,2,40
289,3,28
289,4,53
289,5,31
290,1,20
290,2,31
290,3,30
290,4,23
290,5,57
291,1,45
291,2,54
291,3,58
291,4,52
291,5,65
292,1,43
292,2,46
292,3,40
292,4,42
292,5,30
293,1,52
293,2,34
293,3,61
293,4,50
293,5,25
294,1,40
294,2,35
294,3,45
294,4,37
294,5,64
295,1,45
295,2,30
295,3,35
295,4,27
295,5,22
296,1,46
296,2,34
296,3,29
296,4,21
296,5,25
297,1,67
297,2,65
297,3,67
297,4,47
297,5,52
298,1,31
298,2,60
298,3,36
298,4,32
298,5,55
299,1,67
299,2,63
299,3,51
299,4,41
299,5,57
300,1,34
300,2,41
300,3,54
300,4,37
300,5,34
301,1,23
301,2,33
301,3,37
301,4,41
301,5,28
302,1,49
302,2,58
302,3,43
302,4,56
302,5,48
303,1,54
303,2,56
303,3,49
303,4,61
303,5,42
304,1,30
304,2,46
304,3,42
304,4,47
304,5,57
305,1,37
305,2,18
305,3,5
305,4,23
305,5,12
306,1,48
306,2,59
306,3,33
306,4,37
306,5,55
307,1,69
307,2,70
307,3,52
307,4,53
307,5,56
308,1,39
308,2,29
308,3,44
308,4,30
308,5,44
309,1,56
309,2,72
309,3,47
309,4,32
309,5,56
310,1,37
310,2,53
310,3,41
310,4,49
310,5,48
311,1,36
311,2,50
311,3,33
311,4,37
311,5,42
312,1,49
312,2,29
312,3,51
312,4,50
312,5,41
313,1,22
313,2,28
313,3,30
313,4,33
313,5,32
314,1,16
314,2,41
314,3,40
314,4,44
314,5,37
315,1,48
315,2,49
315,3,53
315,4,34
315,5,53
316,1,50
316,2,59
316,3,50
316,4,76
316,5,53
317,1,37
317,2,48
317,3,50
317,4,55
317,5,11
318,1,45
318,2,42
318,3,44
318,4,45
318,5,19
319,1,49
319,2,54
319,3,33
319,4,42
319,5,42
320,1,40
320,2,43
320,3,45
320,4,37
320,5,43
321,1,43
321,2,55
321,3,53
321,4,48
321,5,67
322,1,52
322,2,49
322,3,40
322,4,64
322,5,68
323,1,19
323,2,11
323,3,11
323,4,35
323,5,12
324,1,68
324,2,39
324,3,61
324,4,48
324,5,54
325,1,5
325,2,26
325,3,47
325,4,5
325,5,32
326,1,43
326,2,30
326,3,39
326,4,51
326,5,36
327,1,41
327,2,41
327,3,53
327,4,58
327,5,31
328,1,61
328,2,49
328,3,54
328,4,47
328,5,51
329,1,34
329,2,33
329,3,23
329,4,27
329,5,20
330,1,38
330,2,44
330,3,40
330,4,17
330,5,27
331,1,45
331,2,43
331,3,65
331,4,59
331,5,41
332,1,33
332,2,35
332,3,37
332,4,25
332,5,32
333,1,41
333,2,49
333,3,56
333,4,45
333,5,41
334,1,25
334,2,37
334,3,24
334,4,21
334,5,43
335,1,57
335,2,68
335,3,59
335,4,45
335,5,50
336,1,27
336,2,43
336,3,31
336,4,38
336,5,29
337,1,34
337,2,40
337,3,36
337,4,30
337,5,24
338,1,17
338,2,40
338,3,35
338,4,35
338,5,37
339,1,61
339,2,40
339,3,40
339,4,69
339,5,54
340,1,39
340,2,22
340,3,18
340,4,18
340,5,14
341,1,65
341,2,48
341,3,68
341,4,54
341,5,43
342,1,45
342,2,29
342,3,34
342,4,27
342,5,20
343,1,57
343,2,45
343,3,48
343,4,56
343,5,60
344,1,35
344,2,21
344,3,36
344,4,27
344,5,37
345,1,26
345,2,32
345,3,22
345,4,50
345,5,32
346,1,22
346,2,19
346,3,34
346,4,54
346,5,9
347,1,33
347,2,37
347,3,38
347,4,38
347,5,40
348,1,60
348,2,53
348,3,72
348,4,66
348,5,59
349,1,18
349,2,42
349,3,17
349,4,20
349,5,36
350,1,34
350,2,43
350,3,84
350,4,62
350,5,52
351,1,43
351,2,46
351,3,58
351,4,71
351,5,53
352,1,53
352,2,46
352,3,62
352,4,45
352,5,50
353,1,35
353,2,20
353,3,36
353,4,27
353,5,36
354,1,26
354,2,44
354,3,37
354,4,36
354,5,32
355,1,20
355,2,27
355,3,11
355,4,42
355,5,14
356,1,65
356,2,62
356,3,58
356,4,62
356,5,81
357,1,56
357,2,56
357,3,46
357,4,26
357,5,46
358,1,55
358,2,47
358,3,38
358,4,45
358,5,19
359,1,34
359,2,14
359,3,5
359,4,31
359,5,38
360,1,36
360,2,34
360,3,36
360,4,66
360,5,23
361,1,42
361,2,45
361,3,32
361,4,42
361,5,40
362,1,44
362,2,21
362,3,29
362,4,28
362,5,36
363,1,72
363,2,53
363,3,53
363,4,66
363,5,60
364,1,35
364,2,35
364,3,44
364,4,31
364,5,57
365,1,29
365,2,35
365,3,37
365,4,44
365,5,41
366,1,53
366,2,64
366,3,73
366,4,58
366,5,76
367,1,70
367,2,63
367,3,56
367,4,52
367,5,65
368,1,49
368,2,41
368,3,45
368,4,49
368,5,46
369,1,5
369,2,15
369,3,17
369,4,30
369,5,49
370,1,43
370,2,35
370,3,35
370,4,34
370,5,49
371,1,22
371,2,26
371,3,26
371,4,25
371,5,22
372,1,28
372,2,58
372,3,41
372,4,28
372,5,54
373,1,42
373,2,40
373,3,44
373,4,41
373,5,46
374,1,46
374,2,30
374,3,33
374,4,25
374,5,44
375,1,42
375,2,27
375,3,34
375,4,18
375,5,49
376,1,34
376,2,22
376,3,61
376,4,41
376,5,58
377,1,9
377,2,27
377,3,19
377,4,21
377,5,16
378,1,66
378,2,33
378,3,55
378,4,58
378,5,39
379,1,21
379,2,41
379,3,51
379,4,39
379,5,55
380,1,48
380,2,44
380,3,76
380,4,49
380,5,48
381,1,57
381,2,44
381,3,56
381,4,39
381,5,45
382,1,22
382,2,19
382,3,25
382,4,43
382,5,50
383,1,51
383,2,19
383,3,48
383,4,33
383,5,23
384,1,34
384,2,44
384,3,55
384,4,27
384,5,29
385,1,44
385,2,35
385,3,57
385,4,47
385,5,35
386,1,6
386,2,37
386,3,36
386,4,32
386,5,26
387,1,43
387,2,46
387,3,33
387,4,40
387,5,30
388,1,42
388,2,52
388,3,65
388,4,44
388,5,59
389,1,53
389,2,36
389,3,65
389,4,44
389,5,49
390,1,30
390,2,18
390,3,30
390,4,10
390,5,41
391,1,62
391,2,40
391,3,67
391,4,60
391,5,51
392,1,45
392,2,28
392,3,29
392,4,41
392,5,32
393,1,54
393,2,51
393,3,61
393,4,49
393,5,61
394,1,43
394,2,55
394,3,68
394,4,54
394,5,83
395,1,53
395,2,41
395,3,59
395,4,24
395,5,52
396,1,62
396,2,72
396,3,59
396,4,73
396,5,58
397,1,27
397,2,39
397,3,38
397,4,36
397,5,32
398,1,64
398,2,39
398,3,44
398,4,47
398,5,47
399,1,45
399,2,54
399,3,42
399,4,51
399,5,41
400,1,69
400,2,58
400,3,34
400,4,57
400,5,62
401,1,41
401,2,43
401,3,30
401,4,39
401,5,20
402,1,51
402,2,48
402,3,49
402,4,51
402,5,45
403,1,36
403,2,22
403,3,44
403,4,60
403,5,35
404,1,60
404,2,45
404,3,40
404,4,37
404,5,47
405,1,36
405,2,39
405,3,20
405,4,37
405,5,23
406,1,31
406,2,27
406,3,23
406,4,38
406,5,29
407,1,55
407,2,49
407,3,48
407,4,57
407,5,47
408,1,24
408,2,15
408,3,15
408,4,35
408,5,32
409,1,65
409,2,59
409,3,56
409,4,54
409,5,67
410,1,36
410,2,26
410,3,37
410,4,29
410,5,42
411,1,61
411,2,49
411,3,62
411,4,50
411,5,39
412,1,29
412,2,33
412,3,44
412,4,8
412,5,28
413,1,40
413,2,14
413,3,51
413,4,27
413,5,38
414,1,11
414,2,43
414,3,45
414,4,30
414,5,27
415,1,56
415,2,38
415,3,45
415,4,32
415,5,53
416,1,58
416,2,53
416,3,53
416,4,20
416,5,76
417,1,14
417,2,21
417,3,45
417,4,57
417,5,28
418,1,43
418,2,37
418,3,30
418,4,44
418,5,41
419,1,37
419,2,27
419,3,41
419,4,42
419,5,33
420,1,49
420,2,71
420,3,61
420,4,61
420,5,77
421,1,46
421,2,59
421,3,46
421,4,26
421,5,17
422,1,38
422,2,31
422,3,37
422,4,29
422,5,36
423,1,48
423,2,28
423,3,32
423,4,31
423,5,40
424,1,47
424,2,29
424,3,36
424,4,43
424,5,38
425,1,8
425,2,21
425,3,20
425,4,28
425,5,26
426,1,23
426,2,23
426,3,15
426,4,39
426,5,41
427,1,55
427,2,58
427,3,43
427,4,58
427,5,47
428,1,5
428,2,26
428,3,22
428,4,21
428,5,16
429,1,51
429,2,39
429,3,74
429,4,65
429,5,64
430,1,38
430,2,53
430,3,41
430,4,25
430,5,41
431,1,35
431,2,33
431,3,38
431,4,20
431,5,21
432,1,55
432,2,8
432,3,21
432,4,17
432,5,43
433,1,37
433,2,41
433,3,60
433,4,78
433,5,59
434,1,22
434,2,16
434,3,19
434,4,35
434,5,44
435,1,43
435,2,40
435,3,62
435,4,47
435,5,45
436,1,34
436,2,47
436,3,34
436,4,32
436,5,36
437,1,46
437,2,66
437,3,45
437,4,58
437,5,67
438,1,59
438,2,28
438,3,48
438,4,69
438,5,55
439,1,36
439,2,49
439,3,32
439,4,52
439,5,38
440,1,22
440,2,42
440,3,26
440,4,21
440,5,38
441,1,40
441,2,45
441,3,61
441,4,55
441,5,58
442,1,55
442,2,62
442,3,28
442,4,52
442,5,39
443,1,18
443,2,20
443,3,30
443,4,19
443,5,44
444,1,35
444,2,22
444,3,50
444,4,57
444,5,35
445,1,43
445,2,40
445,3,45
445,4,51
445,5,47
446,1,44
446,2,60
446,3,67
446,4,48
446,5,56
447,1,31
447,2,34
447,3,24
447,4,39
447,5,20
448,1,48
448,2,38
448,3,34
448,4,39
448,5,35
449,1,40
449,2,17
449,3,35
449,4,44
449,5,5
450,1,33
450,2,30
450,3,35
450,4,30
450,5,32
451,1,49
451,2,50
451,3,55
451,4,71
451,5,38
452,1,56
452,2,48
452,3,60
452,4,63
452,5,63
453,1,59
453,2,66
453,3,51
453,4,20
453,5,41
454,1,35
454,2,32
454,3,40
454,4,54
454,5,26
455,1,38
455,2,12
455,3,27
455,4,17
455,5,28
456,1,59
456,2,46
456,3,56
456,4,51
456,5,50
457,1,44
457,2,44
457,3,53
457,4,32
457,5,42
458,1,55
458,2,39
458,3,51
458,4,56
458,5,34
459,1,37
459,2,16
459,3,16
459,4,39
459,5,30
460,1,29
460,2,33
460,3,27
460,4,25
460,5,9
461,1,61
461,2,55
461,3,44
461,4,33
461,5,42
462,1,47
462,2,28
462,3,37
462,4,40
462,5,33
463,1,39
463,2,5
463,3,5
463,4,7
463,5,20
464,1,33
464,2,31
464,3,51
464,4,51
464,5,51
465,1,28
465,2,24
465,3,39
465,4,21
465,5,26
466,1,33
466,2,54
466,3,18
466,4,20
466,5,33
467,1,43
467,2,58
467,3,58
467,4,54
467,5,47
468,1,47
468,2,39
468,3,44
468,4,32
468,5,52
469,1,15
469,2,34
469,3,33
469,4,19
469,5,26
470,1,22
470,2,11
470,3,20
470,4,31
470,5,37
471,1,32
471,2,28
471,3,21
471,4,31
471,5,31
472,1,54
472,2,53
472,3,46
472,4,43
472,5,50
473,1,50
473,2,31
473,3,35
473,4,46
473,5,33
474,1,39
474,2,31
474,3,29
474,4,26
474,5,31
475,1,48
475,2,33
475,3,46
475,4,60
475,5,24
476,1,29
476,2,29
476,3,42
476,4,24
476,5,40
477,1,13
477,2,29
477,3,26
477,4,20
477,5,34
478,1,23
478,2,11
478,3,42
478,4,32
478,5,16
479,1,50
479,2,48
479,3,45
479,4,42
479,5,43
480,1,24
480,2,16
480,3,26
480,4,31
480,5,31
481,1,39
481,2,44
481,3,50
481,4,46
481,5,43
482,1,51
482,2,61
482,3,47
482,4,38
482,5,40
483,1,44
483,2,46
483,3,37
483,4,19
483,5,27
484,1,31
484,2,19
484,3,39
484,4,27
484,5,18
485,1,22
485,2,42
485,3,24
485,4,31
485,5,22
486,1,55
486,2,44
486,3,63
486,4,49
486,5,56
487,1,35
487,2,55
487,3,45
487,4,63
487,5,46
488,1,49
488,2,48
488,3,52
488,4,46
488,5,49
489,1,7
489,2,20
489,3,16
489,4,10
489,5,27
490,1,66
490,2,39
490,3,45
490,4,49
490,5,33
491,1,41
491,2,62
491,3,70
491,4,57
491,5,43
492,1,47
492,2,39
492,3,42
492,4,27
492,5,44
493,1,49
493,2,56
493,3,41
493,4,60
493,5,53
494,1,47
494,2,48
494,3,43
494,4,46
494,5,48
495,1,29
495,2,43
495,3,36
495,4,23
495,5,40
496,1,58
496,2,56
496,3,58
496,4,40
496,5,47
497,1,53
497,2,55
497,3,48
497,4,42
497,5,43
498,1,33
498,2,50
498,3,44
498,4,37
498,5,45
499,1,47
499,2,57
499,3,53
499,4,74
499,5,41
500,1,47
500,2,31
500,3,32
500,4,36
500,5,36
501,1,36
501,2,10
501,3,30
501,4,42
501,5,29
502,1,37
502,2,58
502,3,61
502,4,49
502,5,58
503,1,34
503,2,37
503,3,54
503,4,58
503,5,41
504,1,55
504,2,43
504,3,48
504,4,23
504,5,67
505,1,41
505,2,29
505,3,38
505,4,24
505,5,47
506,1,15
506,2,21
506,3,35
506,4,20
506,5,26
507,1,47
507,2,42
507,3,42
507,4,52
507,5,41
508,1,59
508,2,70
508,3,53
508,4,53
508,5,35
509,1,52
509,2,43
509,3,55
509,4,36
509,5,43
510,1,21
510,2,25
510,3,40
510,4,5
510,5,29
511,1,35
511,2,39
511,3,39
511,4,30
511,5,5
512,1,29
512,2,30
512,3,23
512,4,19
512,5,29
513,1,38
513,2,42
513,3,35
513,4,36
513,5,47
514,1,50
514,2,58
514,3,35
514,4,48
514,5,79
515,1,22
515,2,22
515,3,44
515,4,46
515,5,43
516,1,18
516,2,22
516,3,9
516,4,44
516,5,31
517,1,14
517,2,42
517,3,14
517,4,8
517,5,27
518,1,59
518,2,33
518,3,50
518,4,43
518,5,26
519,1,31
519,2,56
519,3,42
519,4,47
519,5,37
520,1,44
520,2,15
520,3,35
520,4,20
520,5,28
521,1,36
521,2,42
521,3,36
521,4,27
521,5,26
522,1,27
522,2,44
522,3,44
522,4,29
522,5,27
523,1,34
523,2,21
523,3,27
523,4,33
523,5,30
524,1,30
524,2,20
524,3,6
524,4,27
524,5,31
525,1,28
525,2,21
525,3,17
525,4,25
525,5,23
526,1,44
526,2,55
526,3,55
526,4,57
526,5,58
527,1,41
527,2,57
527,3,71
527,4,51
527,5,65
528,1,27
528,2,45
528,3,54
528,4,33
528,5,51
529,1,66
529,2,47
529,3,59
529,4,50
529,5,52
530,1,64
530,2,58
530,3,56
530,4,44
530,5,50
531,1,62
531,2,27
531,3,48
531,4,45
531,5,37
532,1,34
532,2,19
532,3,33
532,4,37
532,5,38
533,1,13
533,2,18
533,3,5
533,4,36
533,5,13
534,1,43
534,2,30
534,3,40
534,4,25
534,5,39
535,1,62
535,2,50
535,3,48
535,4,65
535,5,72
536,1,30
536,2,30
536,3,25
536,4,25
536,5,16
537,1,52
537,2,42
537,3,40
537,4,59
537,5,43
538,1,12
538,2,30
538,3,32
538,4,25
538,5,14
539,1,39
539,2,41
539,3,54
539,4,50
539,5,38
540,1,67
540,2,43
540,3,60
540,4,52
540,5,47
541,1,37
541,2,15
541,3,39
541,4,18
541,5,29
542,1,56
542,2,51
542,3,52
542,4,63
542,5,46
543,1,45
543,2,62
543,3,61
543,4,69
543,5,70
544,1,41
544,2,47
544,3,54
544,4,40
544,5,37
545,1,41
545,2,25
545,3,19
545,4,21
545,5,17
546,1,51
546,2,46
546,3,34
546,4,61
546,5,57
547,1,44
547,2,62
547,3,60
547,4,38
547,5,44
548,1,34
548,2,41
548,3,36
548,4,54
548,5,55
549,1,44
549,2,38
549,3,31
549,4,37
549,5,43
550,1,58
550,2,48
550,3,35
550,4,51
550,5,27
551,1,41
551,2,29
551,3,50
551,4,24
551,5,48
552,1,60
552,2,58
552,3,49
552,4,46
552,5,69
553,1,8
553,2,31
553,3,8
553,4,8
553,5,23
554,1,30
554,2,18
554,3,29
554,4,23
554,5,18
555,1,25
555,2,58
555,3,66
555,4,40
555,5,53
556,1,25
556,2,33
556,3,17
556,4,19
556,5,22
557,1,31
557,2,47
557,3,55
557,4,54
557,5,48
558,1,53
558,2,43
558,3,34
558,4,12
558,5,29
559,1,54
559,2,66
559,3,64
559,4,69
559,5,72
560,1,52
560,2,21
560,3,27
560,4,29
560,5,42
561,1,12
561,2,40
561,3,22
561,4,22
561,5,41
562,1,40
562,2,38
562,3,50
562,4,19
562,5,48
563,1,6
563,2,29
563,3,27
563,4,10
563,5,26
564,1,59
564,2,35
564,3,50
564,4,49
564,5,58
565,1,56
565,2,23
565,3,14
565,4,25
565,5,31
566,1,35
566,2,23
566,3,39
566,4,24
566,5,25
567,1,11
567,2,6
567,3,22
567,4,26
567,5,23
568,1,30
568,2,44
568,3,20
568,4,31
568,5,38
569,1,57
569,2,59
569,3,59
569,4,58
569,5,62
570,1,48
570,2,39
570,3,29
570,4,18
570,5,26
571,1,56
571,2,48
571,3,59
571,4,54
571,5,54
572,1,50
572,2,30
572,3,36
572,4,17
572,5,38
573,1,33
573,2,28
573,3,40
573,4,59
573,5,34
574,1,36
574,2,20
574,3,41
574,4,42
574,5,37
575,1,29
575,2,33
575,3,26
575,4,41
575,5,48
576,1,63
576,2,46
576,3,37
576,4,44
576,5,45
577,1,43
577,2,21
577,3,28
577,4,12
577,5,28
578,1,28
578,2,51
578,3,45
578,4,51
578,5,48
579,1,48
579,2,39
579,3,44
579,4,37
579,5,46
580,1,47
580,2,60
580,3,54
580,4,31
580,5,39
581,1,53
581,2,63
581,3,70
581,4,58
581,5,52
582,1,35
582,2,42
582,3,58
582,4,35
582,5,55
583,1,32
583,2,26
583,3,17
583,4,30
583,5,56
584,1,34
584,2,74
584,3,48
584,4,49
584,5,63
585,1,31
585,2,27
585,3,40
585,4,34
585,5,46
586,1,66
586,2,35
586,3,54
586,4,57
586,5,60
587,1,30
587,2,47
587,3,44
587,4,40
587,5,30
588,1,11
588,2,24
588,3,27
588,4,7
588,5,29
589,1,20
589,2,20
589,3,22
589,4,13
589,5,25
590,1,36
590,2,32
590,3,15
590,4,19
590,5,27
591,1,57
591,2,77
591,3,53
591,4,55
591,5,53
592,1,20
592,2,21
592,3,25
592,4,27
592,5,25
593,1,40
593,2,38
593,3,23
593,4,35
593,5,27
594,1,40
594,2,43
594,3,47
594,4,53
594,5,81
595,1,78
595,2,67
595,3,64
595,4,53
595,5,84
596,1,43
596,2,41
596,3,45
596,4,46
596,5,69
597,1,28
597,2,51
597,3,53
597,4,49
597,5,47
598,1,6
598,2,44
598,3,54
598,4,33
598,5,33
599,1,47
599,2,27
599,3,36
599,4,28
599,5,42
600,1,30
600,2,28
600,3,40
600,4,6
600,5,37
601,1,11
601,2,37
601,3,25
601,4,31
601,5,35
602,1,39
602,2,39
602,3,29
602,4,54
602,5,43
603,1,53
603,2,42
603,3,73
603,4,68
603,5,67
604,1,59
604,2,46
604,3,43
604,4,65
604,5,46
605,1,29
605,2,46
605,3,37
605,4,36
605,5,20
606,1,54
606,2,56
606,3,36
606,4,78
606,5,29
607,1,55
607,2,68
607,3,72
607,4,76
607,5,59
608,1,47
608,2,29
608,3,58
608,4,36
608,5,40
609,1,28
609,2,5
609,3,31
609,4,48
609,5,26
610,1,19
610,2,38
610,3,20
610,4,29
610,5,26
611,1,49
611,2,45
611,3,40
611,4,39
611,5,47
612,1,38
612,2,56
612,3,56
612,4,49
612,5,62
613,1,75
613,2,57
613,3,56
613,4,60
613,5,65
614,1,13
614,2,17
614,3,29
614,4,18
614,5,31
615,1,8
615,2,14
615,3,21
615,4,26
615,5,9
616,1,32
616,2,37
616,3,32
616,4,42
616,5,37
617,1,63
617,2,53
617,3,35
617,4,61
617,5,49
618,1,60
618,2,50
618,3,67
618,4,63
618,5,63
619,1,24
619,2,16
619,3,6
619,4,29
619,5,13
620,1,36
620,2,12
620,3,21
620,4,26
620,5,18
621,1,30
621,2,5
621,3,20
621,4,28
621,5,20
622,1,78
622,2,67
622,3,49
622,4,68
622,5,72
623,1,46
623,2,75
623,3,59
623,4,33
623,5,69
624,1,47
624,2,32
624,3,37
624,4,28
624,5,42
625,1,57
625,2,52
625,3,46
625,4,33
625,5,49
626,1,35
626,2,24
626,3,24
626,4,62
626,5,27
627,1,54
627,2,49
627,3,60
627,4,45
627,5,64
628,1,23
628,2,29
628,3,26
628,4,33
628,5,20
629,1,46
629,2,42
629,3,63
629,4,56
629,5,57
630,1,53
630,2,18
630,3,53
630,4,51
630,5,63
631,1,45
631,2,49
631,3,52
631,4,43
631,5,45
632,1,28
632,2,22
632,3,15
632,4,37
632,5,18
633,1,41
633,2,45
633,3,45
633,4,20
633,5,24
634,1,33
634,2,48
634,3,10
634,4,23
634,5,25
635,1,38
635,2,20
635,3,42
635,4,49
635,5,40
636,1,38
636,2,46
636,3,36
636,4,32
636,5,49
637,1,32
637,2,30
637,3,50
637,4,42
637,5,33
638,1,38
638,2,42
638,3,36
638,4,15
638,5,37
639,1,44
639,2,50
639,3,44
639,4,49
639,5,57
640,1,27
640,2,28
640,3,33
640,4,34
640,5,21
641,1,44
641,2,51
641,3,42
641,4,41
641,5,55
642,1,50
642,2,40
642,3,44
642,4,58
642,5,33
643,1,20
643,2,21
643,3,31
643,4,21
643,5,17
644,1,55
644,2,53
644,3,19
644,4,48
644,5,57
645,1,23
645,2,34
645,3,17
645,4,19
645,5,28
646,1,30
646,2,26
646,3,42
646,4,42
646,5,24
647,1,19
647,2,37
647,3,20
647,4,18
647,5,20
648,1,38
648,2,51
648,3,28
648,4,19
648,5,45
649,1,37
649,2,38
649,3,59
649,4,61
649,5,41
650,1,14
650,2,5
650,3,7
650,4,16
650,5,17
651,1,15
651,2,35
651,3,22
651,4,24
651,5,16
652,1,32
652,2,41
652,3,38
652,4,43
652,5,39
653,1,34
653,2,43
653,3,44
653,4,35
653,5,41
654,1,45
654,2,23
654,3,31
654,4,37
654,5,36
655,1,33
655,2,30
655,3,51
655,4,31
655,5,50
656,1,38
656,2,32
656,3,30
656,4,24
656,5,39
657,1,61
657,2,33
657,3,51
657,4,68
657,5,43
658,1,26
658,2,7
658,3,29
658,4,32
658,5,46
659,1,47
659,2,44
659,3,59
659,4,49
659,5,60
660,1,46
660,2,58
660,3,41
660,4,47
660,5,56
661,1,51
661,2,43
661,3,66
661,4,45
661,5,40
662,1,46
662,2,29
662,3,36
662,4,51
662,5,27
663,1,35
663,2,27
663,3,27
663,4,24
663,5,5
664,1,53
664,2,25
664,3,29
664,4,40
664,5,37
665,1,63
665,2,33
665,3,51
665,4,44
665,5,46
666,1,48
666,2,44
666,3,10
666,4,47
666,5,28
667,1,35
667,2,55
667,3,37
667,4,52
667,5,54
668,1,6
668,2,26
668,3,21
668,4,34
668,5,12
669,1,43
669,2,31
669,3,44
669,4,14
669,5,31
670,1,74
670,2,56
670,3,52
670,4,59
670,5,47
671,1,34
671,2,35
671,3,45
671,4,33
671,5,30
672,1,51
672,2,68
672,3,66
672,4,67
672,5,51
673,1,30
673,2,41
673,3,31
673,4,32
673,5,24
674,1,17
674,2,18
674,3,22
674,4,32
674,5,21
675,1,58
675,2,53
675,3,47
675,4,67
675,5,63
676,1,44
676,2,29
676,3,31
676,4,41
676,5,31
677,1,42
677,2,56
677,3,40
677,4,56
677,5,36
678,1,30
678,2,18
678,3,21
678,4,28
678,5,30
679,1,64
679,2,52
679,3,66
679,4,70
679,5,64
680,1,11
680,2,5
680,3,27
680,4,16
680,5,14
681,1,14
681,2,28
681,3,36
681,4,18
681,5,23
682,1,68
682,2,39
682,3,53
682,4,50
682,5,39
683,1,65
683,2,69
683,3,34
683,4,55
683,5,50
684,1,53
684,2,45
684,3,67
684,4,59
684,5,48
685,1,30
685,2,49
685,3,60
685,4,33
685,5,52
686,1,55
686,2,40
686,3,52
686,4,35
686,5,44
687,1,39
687,2,48
687,3,70
687,4,43
687,5,53
688,1,14
688,2,32
688,3,25
688,4,33
688,5,32
689,1,31
689,2,39
689,3,37
689,4,26
689,5,39
690,1,16
690,2,25
690,3,43
690,4,35
690,5,33
691,1,47
691,2,47
691,3,54
691,4,34
691,5,29
692,1,32
692,2,44
692,3,36
692,4,55
692,5,55
693,1,63
693,2,67
693,3,62
693,4,73
693,5,65
694,1,63
694,2,58
694,3,44
694,4,56
694,5,60
695,1,61
695,2,37
695,3,30
695,4,35
695,5,25
696,1,26
696,2,28
696,3,43
696,4,16
696,5,38
697,1,30
697,2,32
697,3,25
697,4,38
697,5,37
698,1,34
698,2,29
698,3,18
698,4,14
698,5,12
699,1,23
699,2,33
699,3,37
699,4,30
699,5,27
700,1,44
700,2,45
700,3,54
700,4,54
700,5,33
701,1,41
701,2,39
701,3,41
701,4,26
701,5,39
702,1,52
702,2,52
702,3,40
702,4,63
702,5,60
703,1,46
703,2,52
703,3,47
703,4,47
703,5,38
704,1,51
704,2,31
704,3,36
704,4,39
704,5,28
705,1,12
705,2,24
705,3,30
705,4,30
705,5,13
706,1,29
706,2,20
706,3,8
706,4,24
706,5,28
707,1,37
707,2,21
707,3,16
707,4,28
707,5,45
708,1,29
708,2,30
708,3,23
708,4,28
708,5,23
709,1,46
709,2,39
709,3,33
709,4,22
709,5,42
710,1,52
710,2,55
710,3,55
710,4,64
710,5,53
711,1,34
711,2,35
711,3,59
711,4,55
711,5,58
712,1,28
712,2,17
712,3,17
712,4,30
712,5,24
713,1,40
713,2,26
713,3,45
713,4,24
713,5,17
714,1,55
714,2,60
714,3,42
714,4,43
714,5,46
715,1,25
715,2,31
715,3,18
715,4,25
715,5,34
716,1,31
716,2,8
716,3,34
716,4,20
716,5,35
717,1,41
717,2,53
717,3,47
717,4,49
717,5,76
718,1,70
718,2,52
718,3,39
718,4,60
718,5,50
719,1,61
719,2,58
719,3,64
719,4,47
719,5,74
720,1,17
720,2,28
720,3,36
720,4,48
720,5,31
721,1,73
721,2,68
721,3,72
721,4,47
721,5,57
722,1,39
722,2,40
722,3,49
722,4,40
722,5,31
723,1,66
723,2,33
723,3,71
723,4,51
723,5,71
724,1,44
724,2,29
724,3,44
724,4,29
724,5,35
725,1,67
725,2,61
725,3,69
725,4,57
725,5,63
726,1,50
726,2,38
726,3,63
726,4,38
726,5,61
727,1,35
727,2,16
727,3,24
727,4,13
727,5,38
728,1,49
728,2,38
728,3,24
728,4,36
728,5,36
729,1,22
729,2,33
729,3,38
729,4,51
729,5,40
730,1,16
730,2,30
730,3,23
730,4,30
730,5,41
731,1,25
731,2,35
731,3,32
731,4,12
731,5,43
732,1,46
732,2,53
732,3,39
732,4,45
732,5,37
733,1,41
733,2,33
733,3,47
733,4,33
733,5,44
734,1,38
734,2,50
734,3,40
734,4,38
734,5,53
735,1,21
735,2,28
735,3,35
735,4,40
735,5,39
736,1,71
736,2,58
736,3,58
736,4,57
736,5,64
737,1,35
737,2,30
737,3,24
737,4,54
737,5,42
738,1,36
738,2,31
738,3,55
738,4,39
738,5,30
739,1,35
739,2,53
739,3,28
739,4,39
739,5,47
740,1,47
740,2,58
740,3,46
740,4,50
740,5,64
741,1,47
741,2,32
741,3,38
741,4,47
741,5,27
742,1,45
742,2,64
742,3,33
742,4,40
742,5,49
743,1,44
743,2,19
743,3,25
743,4,56
743,5,48
744,1,55
744,2,65
744,3,55
744,4,64
744,5,55
745,1,34
745,2,26
745,3,30
745,4,27
745,5,51
746,1,56
746,2,46
746,3,59
746,4,44
746,5,39
747,1,55
747,2,53
747,3,57
747,4,55
747,5,63
748,1,52
748,2,64
748,3,72
748,4,44
748,5,33
749,1,36
749,2,66
749,3,73
749,4,64
749,5,35
750,1,33
750,2,38
750,3,34
750,4,34
750,5,19
751,1,27
751,2,40
751,3,51
751,4,25
751,5,42
752,1,20
752,2,39
752,3,30
752,4,24
752,5,8
753,1,45
753,2,57
753,3,52
753,4,57
753,5,42
754,1,36
754,2,46
754,3,39
754,4,44
754,5,38
755,1,23
755,2,20
755,3,35
755,4,21
755,5,31
756,1,29
756,2,31
756,3,22
756,4,29
756,5,24
757,1,46
757,2,43
757,3,33
757,4,38
757,5,28
758,1,76
758,2,56
758,3,48
758,4,55
758,5,63
759,1,48
759,2,47
759,3,28
759,4,30
759,5,43
760,1,52
760,2,62
760,3,34
760,4,59
760,5,58
761,1,43
761,2,39
761,3,21
761,4,49
761,5,23
762,1,48
762,2,68
762,3,62
762,4,50
762,5,47
763,1,50
763,2,38
763,3,44
763,4,41
763,5,36
764,1,36
764,2,59
764,3,54
764,4,48
764,5,65
765,1,52
765,2,63
765,3,51
765,4,75
765,5,49
766,1,51
766,2,55
766,3,78
766,4,56
766,5,43
767,1,59
767,2,50
767,3,59
767,4,40
767,5,54
768,1,29
768,2,40
768,3,36
768,4,31
768,5,49
769,1,60
769,2,45
769,3,63
769,4,74
769,5,51
770,1,63
770,2,67
770,3,44
770,4,51
770,5,51
771,1,8
771,2,39
771,3,30
771,4,7
771,5,5
772,1,19
772,2,30
772,3,24
772,4,30
772,5,12
773,1,35
773,2,33
773,3,15
773,4,36
773,5,33
774,1,71
774,2,41
774,3,41
774,4,43
774,5,53
775,1,15
775,2,30
775,3,20
775,4,19
775,5,20
776,1,20
776,2,21
776,3,37
776,4,27
776,5,22
777,1,27
777,2,35
777,3,32
777,4,28
777,5,19
778,1,61
778,2,57
778,3,63
778,4,46
778,5,48
779,1,35
779,2,18
779,3,51
779,4,39
779,5,52
780,1,20
780,2,20
780,3,48
780,4,15
780,5,17
781,1,28
781,2,24
781,3,6
781,4,35
781,5,22
782,1,17
782,2,13
782,3,31
782,4,22
782,5,21
783,1,39
783,2,39
783,3,38
783,4,43
783,5,41
784,1,20
784,2,47
784,3,45
784,4,38
784,5,39
785,1,27
785,2,51
785,3,30
785,4,11
785,5,27
786,1,37
786,2,42
786,3,21
786,4,18
786,5,30
787,1,56
787,2,66
787,3,76
787,4,55
787,5,45
788,1,31
788,2,28
788,3,45
788,4,40
788,5,37
789,1,18
789,2,31
789,3,32
789,4,28
789,5,6
790,1,32
790,2,23
790,3,54
790,4,18
790,5,43
791,1,46
791,2,52
791,3,67
791,4,54
791,5,44
792,1,49
792,2,50
792,3,45
792,4,27
792,5,23
793,1,34
793,2,31
793,3,32
793,4,15
793,5,40
794,1,33
794,2,22
794,3,36
794,4,45
794,5,16
795,1,19
795,2,22
795,3,28
795,4,21
795,5,32
796,1,70
796,2,49
796,3,59
796,4,57
796,5,46
797,1,39
797,2,35
797,3,42
797,4,34
797,5,33
798,1,34
798,2,15
798,3,31
798,4,32
798,5,20
799,1,47
799,2,42
799,3,43
799,4,41
799,5,50
800,1,54
800,2,21
800,3,31
800,4,56
800,5,41
801,1,40
801,2,56
801,3,20
801,4,36
801,5,29
802,1,37
802,2,29
802,3,29
802,4,36
802,5,47
803,1,16
803,2,42
803,3,5
803,4,24
803,5,12
804,1,20
804,2,13
804,3,24
804,4,18
804,5,18
805,1,57
805,2,62
805,3,45
805,4,52
805,5,43
806,1,42
806,2,36
806,3,54
806,4,51
806,5,62
807,1,61
807,2,42
807,3,25
807,4,58
807,5,30
808,1,38
808,2,41
808,3,48
808,4,33
808,5,47
809,1,56
809,2,50
809,3,43
809,4,64
809,5,80
810,1,14
810,2,13
810,3,22
810,4,22
810,5,26
811,1,35
811,2,49
811,3,29
811,4,27
811,5,31
812,1,32
812,2,35
812,3,24
812,4,44
812,5,42
813,1,35
813,2,36
813,3,35
813,4,26
813,5,38
814,1,34
814,2,20
814,3,37
814,4,32
814,5,32
815,1,26
815,2,15
815,3,22
815,4,10
815,5,5
816,1,22
816,2,38
816,3,39
816,4,47
816,5,22
817,1,40
817,2,12
817,3,31
817,4,20
817,5,16
818,1,28
818,2,38
818,3,24
818,4,19
818,5,41
819,1,74
819,2,37
819,3,68
819,4,70
819,5,64
820,1,40
820,2,31
820,3,42
820,4,38
820,5,54
821,1,45
821,2,46
821,3,61
821,4,72
821,5,46
822,1,7
822,2,14
822,3,36
822,4,26
822,5,25
823,1,46
823,2,53
823,3,44
823,4,70
823,5,48
824,1,68
824,2,58
824,3,65
824,4,52
824,5,49
825,1,63
825,2,53
825,3,81
825,4,58
825,5,71
826,1,48
826,2,38
826,3,51
826,4,38
826,5,52
827,1,14
827,2,20
827,3,18
827,4,29
827,5,13
828,1,37
828,2,40
828,3,11
828,4,34
828,5,45
829,1,40
829,2,31
829,3,32
829,4,22
829,5,28
830,1,13
830,2,14
830,3,12
830,4,25
830,5,32
831,1,33
831,2,33
831,3,16
831,4,40
831,5,34
832,1,15
832,2,29
832,3,5
832,4,45
832,5,24
833,1,53
833,2,51
833,3,62
833,4,52
833,5,59
834,1,47
834,2,55
834,3,40
834,4,36
834,5,22
835,1,21
835,2,18
835,3,22
835,4,43
835,5,40
836,1,34
836,2,33
836,3,35
836,4,53
836,5,26
837,1,31
837,2,37
837,3,42
837,4,44
837,5,55
838,1,46
838,2,46
838,3,42
838,4,23
838,5,31
839,1,18
839,2,28
839,3,33
839,4,15
839,5,15
840,1,33
840,2,56
840,3,56
840,4,57
840,5,57
841,1,32
841,2,29
841,3,45
841,4,49
841,5,40
842,1,33
842,2,31
842,3,42
842,4,53
842,5,43
843,1,27
843,2,32
843,3,25
843,4,31
843,5,19
844,1,5
844,2,11
844,3,39
844,4,12
844,5,16
845,1,50
845,2,46
845,3,59
845,4,46
845,5,42
846,1,30
846,2,15
846,3,24
846,4,29
846,5,50
847,1,39
847,2,48
847,3,33
847,4,45
847,5,41
848,1,67
848,2,59
848,3,40
848,4,64
848,5,64
849,1,20
849,2,18
849,3,5
849,4,23
849,5,45
850,1,25
850,2,9
850,3,18
850,4,49
850,5,14
851,1,26
851,2,47
851,3,39
851,4,42
851,5,54
852,1,20
852,2,28
852,3,25
852,4,38
852,5,41
853,1,57
853,2,44
853,3,59
853,4,50
853,5,37
854,1,15
854,2,17
854,3,13
854,4,27
854,5,26
855,1,26
855,2,22
855,3,16
855,4,37
855,5,24
856,1,44
856,2,38
856,3,23
856,4,48
856,5,15
857,1,57
857,2,39
857,3,47
857,4,36
857,5,43
858,1,58
858,2,70
858,3,47
858,4,54
858,5,67
859,1,18
859,2,34
859,3,22
859,4,26
859,5,26
860,1,49
860,2,54
860,3,35
860,4,40
860,5,41
861,1,28
861,2,33
861,3,27
861,4,14
861,5,5
862,1,14
862,2,31
862,3,11
862,4,27
862,5,21
863,1,36
863,2,58
863,3,43
863,4,51
863,5,42
864,1,67
864,2,24
864,3,41
864,4,57
864,5,47
865,1,41
865,2,41
865,3,22
865,4,7
865,5,47
866,1,36
866,2,38
866,3,30
866,4,33
866,5,48
867,1,37
867,2,36
867,3,42
867,4,45
867,5,41
868,1,5
868,2,30
868,3,18
868,4,19
868,5,19
869,1,16
869,2,19
869,3,19
869,4,23
869,5,20
870,1,17
870,2,21
870,3,13
870,4,33
870,5,17
871,1,34
871,2,37
871,3,41
871,4,27
871,5,40
872,1,16
872,2,12
872,3,27
872,4,9
872,5,16
873,1,21
873,2,51
873,3,51
873,4,43
873,5,51
874,1,63
874,2,44
874,3,58
874,4,45
874,5,45
875,1,50
875,2,44
875,3,32
875,4,59
875,5,43
876,1,26
876,2,27
876,3,16
876,4,22
876,5,17
877,1,56
877,2,38
877,3,45
877,4,60
877,5,56
878,1,35
878,2,39
878,3,36
878,4,38
878,5,41
879,1,22
879,2,46
879,3,29
879,4,44
879,5,37
880,1,19
880,2,34
880,3,32
880,4,20
880,5,33
881,1,59
881,2,48
881,3,56
881,4,56
881,5,57
882,1,45
882,2,33
882,3,57
882,4,28
882,5,23
883,1,11
883,2,15
883,3,31
883,4,14
883,5,14
884,1,49
884,2,41
884,3,55
884,4,35
884,5,55
885,1,68
885,2,51
885,3,58
885,4,59
885,5,58
886,1,23
886,2,29
886,3,27
886,4,30
886,5,13
887,1,51
887,2,57
887,3,27
887,4,36
887,5,50
888,1,46
888,2,44
888,3,23
888,4,39
888,5,35
889,1,35
889,2,27
889,3,52
889,4,29
889,5,29
890,1,39
890,2,43
890,3,30
890,4,35
890,5,34
891,1,53
891,2,44
891,3,67
891,4,67
891,5,61
892,1,54
892,2,73
892,3,45
892,4,68
892,5,48
893,1,45
893,2,38
893,3,25
893,4,47
893,5,50
894,1,35
894,2,58
894,3,49
894,4,68
894,5,72
895,1,31
895,2,51
895,3,39
895,4,28
895,5,58
896,1,38
896,2,45
896,3,19
896,4,38
896,5,20
897,1,39
897,2,25
897,3,37
897,4,22
897,5,17
898,1,7
898,2,17
898,3,15
898,4,10
898,5,10
899,1,55
899,2,54
899,3,55
899,4,84
899,5,68
900,1,24
900,2,22
900,3,23
900,4,13
900,5,20
901,1,46
901,2,46
901,3,56
901,4,61
901,5,57
902,1,23
902,2,37
902,3,10
902,4,18
902,5,31
903,1,54
903,2,30
903,3,76
903,4,43
903,5,62
904,1,33
904,2,32
904,3,41
904,4,34
904,5,40
905,1,53
905,2,45
905,3,26
905,4,42
905,5,46
906,1,36
906,2,39
906,3,39
906,4,25
906,5,25
907,1,34
907,2,41
907,3,57
907,4,64
907,5,48
908,1,35
908,2,50
908,3,15
908,4,43
908,5,29
909,1,34
909,2,49
909,3,43
909,4,61
909,5,32
910,1,7
910,2,36
910,3,49
910,4,42
910,5,35
911,1,63
911,2,67
911,3,50
911,4,59
911,5,60
912,1,58
912,2,32
912,3,5
912,4,39
912,5,20
913,1,44
913,2,60
913,3,53
913,4,59
913,5,32
914,1,39
914,2,23
914,3,38
914,4,29
914,5,43
915,1,52
915,2,46
915,3,34
915,4,46
915,5,58
916,1,39
916,2,41
916,3,67
916,4,51
916,5,30
917,1,31
917,2,48
917,3,32
917,4,27
917,5,39
918,1,10
918,2,42
918,3,17
918,4,12
918,5,41
919,1,30
919,2,18
919,3,31
919,4,32
919,5,29
920,1,14
920,2,20
920,3,34
920,4,23
920,5,39
921,1,50
921,2,50
921,3,22
921,4,48
921,5,39
922,1,35
922,2,29
922,3,40
922,4,39
922,5,36
923,1,38
923,2,67
923,3,58
923,4,36
923,5,53
924,1,25
924,2,24
924,3,35
924,4,47
924,5,34
925,1,52
925,2,36
925,3,49
925,4,43
925,5,62
926,1,75
926,2,49
926,3,46
926,4,60
926,5,67
927,1,12
927,2,24
927,3,22
927,4,13
927,5,32
928,1,9
928,2,29
928,3,20
928,4,29
928,5,21
929,1,70
929,2,53
929,3,44
929,4,45
929,5,51
930,1,49
930,2,65
930,3,58
930,4,47
930,5,47
931,1,45
931,2,45
931,3,49
931,4,45
931,5,48
932,1,17
932,2,16
932,3,11
932,4,14
932,5,21
933,1,21
933,2,8
933,3,44
933,4,22
933,5,33
934,1,45
934,2,48
934,3,51
934,4,39
934,5,59
935,1,35
935,2,36
935,3,33
935,4,31
935,5,40
936,1,65
936,2,61
936,3,51
936,4,50
936,5,57
937,1,29
937,2,72
937,3,64
937,4,46
937,5,55
938,1,47
938,2,20
938,3,33
938,4,48
938,5,49
939,1,27
939,2,35
939,3,36
939,4,24
939,5,22
940,1,15
940,2,26
940,3,27
940,4,22
940,5,39
941,1,53
941,2,63
941,3,65
941,4,46
941,5,64
942,1,59
942,2,54
942,3,57
942,4,66
942,5,63
943,1,60
943,2,49
943,3,41
943,4,58
943,5,57
944,1,21
944,2,27
944,3,19
944,4,26
944,5,12
945,1,20
945,2,40
945,3,46
945,4,45
945,5,28
946,1,51
946,2,61
946,3,59
946,4,42
946,5,57
947,1,51
947,2,60
947,3,32
947,4,25
947,5,43
948,1,29
948,2,36
948,3,19
948,4,43
948,5,26
949,1,24
949,2,30
949,3,54
949,4,61
949,5,24
950,1,33
950,2,33
950,3,41
950,4,33
950,5,51
951,1,52
951,2,56
951,3,57
951,4,48
951,5,48
952,1,30
952,2,28
952,3,19
952,4,51
952,5,55
953,1,39
953,2,47
953,3,32
953,4,45
953,5,44
954,1,64
954,2,58
954,3,52
954,4,47
954,5,56
955,1,38
955,2,43
955,3,48
955,4,60
955,5,31
956,1,16
956,2,32
956,3,30
956,4,33
956,5,29
957,1,32
957,2,20
957,3,24
957,4,44
957,5,25
958,1,53
958,2,50
958,3,58
958,4,47
958,5,38
959,1,62
959,2,39
959,3,66
959,4,77
959,5,57
960,1,63
960,2,61
960,3,48
960,4,71
960,5,59
961,1,24
961,2,25
961,3,17
961,4,5
961,5,33
962,1,43
962,2,32
962,3,46
962,4,36
962,5,52
963,1,56
963,2,50
963,3,32
963,4,67
963,5,60
964,1,47
964,2,54
964,3,71
964,4,45
964,5,52
965,1,55
965,2,59
965,3,32
965,4,26
965,5,61
966,1,56
966,2,48
966,3,56
966,4,52
966,5,50
967,1,44
967,2,21
967,3,51
967,4,24
967,5,20
968,1,23
968,2,17
968,3,26
968,4,45
968,5,26
969,1,28
969,2,26
969,3,31
969,4,14
969,5,23
970,1,21
970,2,22
970,3,10
970,4,13
970,5,39
971,1,79
971,2,66
971,3,52
971,4,49
971,5,54
972,1,46
972,2,55
972,3,69
972,4,29
972,5,36
973,1,36
973,2,57
973,3,46
973,4,46
973,5,51
974,1,54
974,2,52
974,3,43
974,4,48
974,5,51
975,1,39
975,2,50
975,3,42
975,4,41
975,5,41
976,1,49
976,2,46
976,3,37
976,4,44
976,5,57
977,1,48
977,2,43
977,3,63
977,4,59
977,5,59
978,1,18
978,2,47
978,3,33
978,4,32
978,5,29
979,1,60
979,2,49
979,3,52
979,4,45
979,5,55
980,1,45
980,2,42
980,3,59
980,4,60
980,5,48
981,1,46
981,2,31
981,3,33
981,4,30
981,5,47
982,1,61
982,2,51
982,3,37
982,4,32
982,5,39
983,1,28
983,2,60
983,3,49
983,4,56
983,5,50
984,1,41
984,2,34
984,3,37
984,4,24
984,5,44
985,1,59
985,2,58
985,3,59
985,4,61
985,5,56
986,1,27
986,2,31
986,3,19
986,4,33
986,5,34
987,1,44
987,2,32
987,3,50
987,4,25
987,5,44
988,1,15
988,2,25
988,3,46
988,4,46
988,5,30
989,1,47
989,2,47
989,3,34
989,4,43
989,5,56
990,1,49
990,2,43
990,3,48
990,4,40
990,5,55
991,1,28
991,2,43
991,3,34
991,4,37
991,5,51
992,1,57
992,2,54
992,3,40
992,4,55
992,5,56
993,1,22
993,2,20
993,3,33
993,4,20
993,5,16
994,1,42
994,2,48
994,3,51
994,4,56
994,5,56
995,1,40
995,2,57
995,3,44
995,4,36
995,5,38
996,1,51
996,2,25
996,3,29
996,4,39
996,5,51
997,1,37
997,2,24
997,3,35
997,4,28
997,5,56
998,1,45
998,2,66
998,3,37
998,4,59
998,5,71
999,1,36
999,2,47
999,3,32
999,4,65
999,5,15
1000,1,36
1000,2,11
1000,3,33
1000,4,38
1000,5,38
